subject_id,modality,channel,nan_pct,ptp_median,ptp_p95,ptp_p99,ptp_max,suspect,reason
200,scalp_main,O1,0.0,32.326059418384546,61.503235244719235,69.95341615338457,107.63046772825919,False,
200,scalp_main,Pz,0.0,21.405985195955083,39.65724329987508,48.08602106359446,55.76301985921191,False,
200,scalp_main,P3,0.0,20.874785197296234,45.217571835836594,53.043629066077706,56.962969856182326,False,
200,scalp_main,P7,0.0,33.1901599162029,60.02632774844809,70.52331216194573,78.28146780235829,False,
200,scalp_main,CP1,0.0,17.23543045648472,34.091814288926436,39.40832699050353,45.34288488552022,False,
200,scalp_main,CP5,0.0,18.99201920204976,40.19249834852369,45.4674991152056,57.531107854747916,False,
200,scalp_main,TP7,0.0,25.893734934624604,51.08581682102068,58.26663027289089,62.64853184182766,False,
200,scalp_main,Cz,0.0,17.373203456136878,27.878949779612405,33.29384056094113,35.9849639091467,False,
200,scalp_main,C3,0.0,16.67662495789557,27.435616755731722,31.764028124803534,42.83677189184755,False,
200,scalp_main,T7,0.0,40.16245789859954,57.250283055456926,67.08086107063711,76.89098780586892,False,
200,scalp_main,FC1,0.0,16.629430458014724,22.48759939322426,24.973907636946937,29.65606692512563,False,
200,scalp_main,FC5,0.0,17.67207095538231,26.606548532824917,37.55301810518774,40.76607989707554,False,
200,scalp_main,F3,0.0,22.27500794376101,40.36477244808874,49.48457211006347,92.57830976626224,False,
200,scalp_main,F7,0.0,23.594510940429586,42.70474839218085,62.44661640733742,113.59428971320199,False,
200,scalp_main,Fp1,0.0,29.53976642541926,169.30430207254773,189.33430940197678,241.24598739091243,False,
200,scalp_main,O2,0.0,31.873195419527917,57.71911895427323,67.96952906839343,79.36824279961445,False,
200,scalp_main,P4,0.0,22.21962469390084,41.54501019510891,49.76676779435098,66.05907983321686,False,
200,scalp_main,P8,0.0,28.815473927247922,55.61068115959652,61.71175629419279,80.64287579639631,False,
200,scalp_main,CP2,0.0,16.794859207597057,30.99994127173265,39.010948491506824,49.72142337446547,False,
200,scalp_main,CP6,0.0,16.877258957389017,35.220021211077984,39.21112836100139,64.6343698368139,False,
200,scalp_main,TP8,0.0,24.298340688652587,45.89302388413124,54.14553980329563,71.97009181829299,False,
200,scalp_main,C4,0.0,15.484118960906358,25.225476061311788,32.11476856391795,58.65713985190496,False,
200,scalp_main,T8,0.0,48.77598287685248,70.76306772134042,80.13491343767875,92.56084976630632,False,
200,scalp_main,Fc2,0.0,17.134839956738688,23.075604666739693,25.08708553666118,29.82720392469355,False,
200,scalp_main,FC6,0.0,19.6190344504667,29.73895087491635,39.99067297903322,59.88420784880691,False,
200,scalp_main,Fz,0.0,21.610901945437718,36.05093900898012,41.87349923427955,58.880263851341624,False,
200,scalp_main,F4,0.0,23.186750441459083,39.369192550602314,47.93664691647159,58.04814985344251,False,
200,scalp_main,F8,0.0,26.243182433742334,55.46671495995996,67.04945882071638,77.87175080339273,False,
200,scalp_main,Fp2,0.0,29.42604092570639,180.07926009534359,199.4796475963623,223.73559343512193,False,
200,scalp_main,Fpz,0.0,29.350055925898232,160.84854939389643,178.17487505015168,202.5649794885726,False,
200,ear_full_main,Fpz,0.0,35.09947991138233,189.9798259203469,206.93072635755007,244.4881313827268,False,
200,ear_full_main,M1,0.0,32.08839991898458,49.26267897562368,58.50169771229739,67.29800783008886,False,
200,ear_full_main,M2,0.0,26.439331933247104,42.46624159278301,57.606565754557394,74.46198181200157,False,
200,ear_full_main,EL1,0.0,41.32444439566581,79.9221257482159,120.45566145587857,169.51754957200933,False,
200,ear_full_main,EL3,0.0,43.565935890006585,93.53660826384275,144.64897343479637,377.804639046135,False,
200,ear_full_main,EL4,0.0,19.400765701017775,35.69018133489095,44.05523089877123,54.94015586128944,False,
200,ear_full_main,EL5,0.0,23.0261341918646,38.207019928536525,56.96221087618408,88.12108977751564,False,
200,ear_full_main,ER1,0.0,25.670414435188434,44.60033726239492,66.64200656174503,162.41923758993084,False,
200,ear_full_main,ER2,0.0,22.100458444201706,38.08378292884769,46.02351258880178,59.77055984909384,False,
200,ear_full_main,ER3,0.0,41.545226395108386,85.54749348401332,142.36014053057517,159.13277359822837,False,
200,ear_full_main,ER4,0.0,31.91283041942785,66.42846245728414,91.90400496296456,191.72886351593115,False,
200,ear_strict_main,M1,0.0,32.08839991898458,49.26267897562368,58.50169771229739,67.29800783008886,False,
200,ear_strict_main,M2,0.0,26.439331933247104,42.46624159278301,57.606565754557394,74.46198181200157,False,
200,ear_strict_main,EL1,0.0,41.32444439566581,79.9221257482159,120.45566145587857,169.51754957200933,False,
200,ear_strict_main,EL3,0.0,43.565935890006585,93.53660826384275,144.64897343479637,377.804639046135,False,
200,ear_strict_main,EL4,0.0,19.400765701017775,35.69018133489095,44.05523089877123,54.94015586128944,False,
200,ear_strict_main,EL5,0.0,23.0261341918646,38.207019928536525,56.96221087618408,88.12108977751564,False,
200,ear_strict_main,ER1,0.0,25.670414435188434,44.60033726239492,66.64200656174503,162.41923758993084,False,
200,ear_strict_main,ER2,0.0,22.100458444201706,38.08378292884769,46.02351258880178,59.77055984909384,False,
200,ear_strict_main,ER3,0.0,41.545226395108386,85.54749348401332,142.36014053057517,159.13277359822837,False,
200,ear_strict_main,ER4,0.0,31.91283041942785,66.42846245728414,91.90400496296456,191.72886351593115,False,
201,scalp_main,O1,0.0,28.993814426797655,44.3792561379531,59.15381762065096,70.99384382075777,False,
201,scalp_main,Pz,0.0,18.673536702853852,34.80171203713411,64.38829297743516,142.38372564051565,False,
201,scalp_main,P3,0.0,17.844096954947986,32.095787368965894,42.56596067253126,62.919827841142705,False,
201,scalp_main,P7,0.0,25.07650493668791,45.90247663410739,55.8648930889547,72.99769581569853,False,
201,scalp_main,CP1,0.0,15.259476711473525,26.763509507428626,36.39556095561002,66.57778383190725,False,
201,scalp_main,CP5,100.0,,,,,True,all_nan
201,scalp_main,TP7,100.0,,,,,True,all_nan
201,scalp_main,Cz,0.0,16.39828445859831,23.603830515406035,29.807619879742987,55.67713885942874,False,
201,scalp_main,C3,0.0,16.33622795875499,28.81327942725345,38.094279493821155,104.64128373580616,False,
201,scalp_main,T7,100.0,,,,,True,all_nan
201,scalp_main,FC1,0.0,16.824699457521717,25.376249785931115,36.6848552873796,63.783173838962966,False,
201,scalp_main,FC5,0.0,17.30160720631764,32.85598056704646,52.796868851700665,175.50487955689277,False,
201,scalp_main,F3,0.0,27.59313168033404,65.81750638382677,99.06817191987682,121.24511569388551,False,
201,scalp_main,F7,0.0,24.250681438772915,57.08345945587795,106.08634103215773,284.69332728121844,False,
201,scalp_main,Fp1,0.0,25.729271435039834,120.17974724657522,179.40342038704986,195.01773550762755,False,
201,scalp_main,O2,0.0,29.112289176498535,44.81912966184257,59.71025962924608,71.36522181982014,False,
201,scalp_main,P4,0.0,19.364428701109517,34.85028536201147,48.3380696879581,68.1167278280218,False,
201,scalp_main,P8,0.0,26.211730183821743,41.7433770446081,58.974223271104385,65.97762383342251,False,
201,scalp_main,CP2,0.0,14.596003713148633,25.460628660718086,35.773713859680036,70.84216782114072,False,
201,scalp_main,CP6,0.0,17.601337455560895,33.92572411434574,53.41109668514983,162.49254358974576,False,
201,scalp_main,TP8,0.0,20.117023949209397,40.468077797827874,55.85757007897319,73.63006281410196,False,
201,scalp_main,C4,0.0,13.340001966319733,24.112937601620672,47.94699527894525,122.85675168981652,False,
201,scalp_main,T8,0.0,21.06197244682363,59.24138535042978,96.12677499730314,237.35937540072518,False,
201,scalp_main,Fc2,0.0,14.851972462502374,20.64131764788568,30.075809864065842,63.390875839953424,False,
201,scalp_main,FC6,0.0,17.41942470602018,39.684934174805036,60.84588304637866,183.68047753625137,False,
201,scalp_main,Fz,0.0,17.713717455277163,31.022055446676806,41.484887195260704,54.79502586165586,False,
201,scalp_main,F4,0.0,30.648345922620365,43.07192969125383,54.68648854192988,112.76168571530411,False,
201,scalp_main,F8,0.0,20.785137447522573,55.30298921037319,91.83135910814802,136.18011165617827,False,
201,scalp_main,Fp2,0.0,28.78421642732684,130.2450310711627,197.82009167055227,283.31045828470985,False,
201,scalp_main,Fpz,0.0,25.425776685806085,99.61610089849349,142.8009532794621,176.50007255438015,False,
201,ear_full_main,Fpz,0.0,36.66123165743929,167.7890005763734,371.2448313026965,680.6832942814399,False,
201,ear_full_main,M1,0.0,39.74909089964319,132.42358466566256,309.46048953868694,597.729534490878,False,
201,ear_full_main,M2,0.0,29.311107425996568,113.54073261333681,298.93788516525393,583.3551825271697,False,
201,ear_full_main,EL1,0.0,34.23697091355996,145.4423930327926,341.58962965756893,687.8406382633693,False,
201,ear_full_main,EL3,0.0,70.63932082165286,375.6141566516649,633.8560838396669,863.4511658199954,False,
201,ear_full_main,EL4,0.0,27.13915568148022,150.41480962023886,308.65005514073306,777.9828460357821,False,
201,ear_full_main,EL5,0.0,25.271191936196374,169.13251097298112,378.6009899341242,794.9226859930131,False,
201,ear_full_main,ER1,0.0,29.396018675782187,120.29816819627624,290.6541270461685,618.5248464383749,False,
201,ear_full_main,ER2,0.0,27.63495293022845,126.62192178030998,318.84693163498855,638.1353263888632,False,
201,ear_full_main,ER3,0.0,145.28706363318543,943.7447148172673,2732.5066023810805,5749.966321482731,True,high_p95;high_p99
201,ear_full_main,ER4,0.0,28.013320679273164,120.8880954947868,296.6916321309252,649.742830359557,False,
201,ear_strict_main,M1,0.0,39.74909089964319,132.42358466566256,309.46048953868694,597.729534490878,False,
201,ear_strict_main,M2,0.0,29.311107425996568,113.54073261333681,298.93788516525393,583.3551825271697,False,
201,ear_strict_main,EL1,0.0,34.23697091355996,145.4423930327926,341.58962965756893,687.8406382633693,False,
201,ear_strict_main,EL3,0.0,70.63932082165286,375.6141566516649,633.8560838396669,863.4511658199954,False,
201,ear_strict_main,EL4,0.0,27.13915568148022,150.41480962023886,308.65005514073306,777.9828460357821,False,
201,ear_strict_main,EL5,0.0,25.271191936196374,169.13251097298112,378.6009899341242,794.9226859930131,False,
201,ear_strict_main,ER1,0.0,29.396018675782187,120.29816819627624,290.6541270461685,618.5248464383749,False,
201,ear_strict_main,ER2,0.0,27.63495293022845,126.62192178030998,318.84693163498855,638.1353263888632,False,
201,ear_strict_main,ER3,0.0,145.28706363318543,943.7447148172673,2732.5066023810805,5749.966321482731,True,high_p95;high_p99
201,ear_strict_main,ER4,0.0,28.013320679273164,120.8880954947868,296.6916321309252,649.742830359557,False,
202,scalp_main,O1,0.0,47.42846088025465,78.22675035249644,87.99928349782314,99.48767174881777,False,
202,scalp_main,Pz,0.0,32.130242418878936,53.053051966053914,63.429783779855185,69.30532982502086,False,
202,scalp_main,P3,0.0,234.42943140812258,313.45949000859076,353.70366550698407,411.7745589603692,False,
202,scalp_main,P7,0.0,41.947023894093945,70.76010832134787,78.76520584113696,86.37969378191224,False,
202,scalp_main,CP1,0.0,27.30827293105324,43.753833139532176,50.20028565325646,59.82453584895757,False,
202,scalp_main,CP5,0.0,31.909064419437357,54.62064596209611,63.7009754191705,101.69479974324531,False,
202,scalp_main,TP7,0.0,32.90274341692856,56.73746485675167,63.89211115868791,105.70531973311972,False,
202,scalp_main,Cz,0.0,29.759065424865582,41.01893329643715,46.64025703224467,52.868861866518955,False,
202,scalp_main,C3,0.0,28.72162442748487,39.08397260132242,46.760774201940386,98.37818775161895,False,
202,scalp_main,T7,0.0,41.28564089576378,57.543952054715476,127.17857727890491,255.9612713537599,False,
202,scalp_main,FC1,0.0,28.99830442678632,39.12654110121496,47.11584080104393,96.84251175549616,False,
202,scalp_main,FC5,100.0,,,,,True,all_nan
202,scalp_main,F3,0.0,38.12029340375551,66.84547168123136,81.82005559342419,153.15399161332334,False,
202,scalp_main,F7,0.0,36.408146908078265,76.19460170762703,110.57334655082902,177.61224755157218,False,
202,scalp_main,Fp1,0.0,44.01455088887394,191.80808991573102,220.88178864232708,252.234943363168,False,
202,scalp_main,O2,0.0,46.48120388264624,74.74352201129074,87.903487338065,93.311149764412,False,
202,scalp_main,P4,0.0,33.76424841475347,57.26606685541708,64.06165377825985,69.5886318243056,False,
202,scalp_main,P8,0.0,46.6649993821822,73.52000041437984,84.91260596561627,93.1130277649122,False,
202,scalp_main,CP2,0.0,26.7266084325218,41.01019754645919,48.211200838278415,58.98977385106514,False,
202,scalp_main,CP6,0.0,29.06381092662093,53.77781651422403,60.33147244767767,68.53284782697119,False,
202,scalp_main,TP8,0.0,29.22323642621842,54.16729766324071,61.290063185257466,67.22513783027284,False,
202,scalp_main,C4,0.0,26.6250144327783,38.93643485169495,43.54229212006627,48.724993876981216,False,
202,scalp_main,T8,0.0,38.27555190336352,55.50324285986778,62.63824886185362,75.79280980864155,False,
202,scalp_main,Fc2,0.0,31.872708419529147,43.18805104096065,48.93549086644976,60.411127847476564,False,
202,scalp_main,FC6,0.0,26.96102293192996,39.71052484974056,57.36715041516186,110.64222572065523,False,
202,scalp_main,Fz,0.0,38.209115903531256,51.71080536944277,63.198643240438734,75.44725580951399,False,
202,scalp_main,F4,0.0,35.94265490925352,54.029427563588804,66.32008771255786,73.57454381424213,False,
202,scalp_main,F8,0.0,33.457182415528735,54.539436762301115,94.34124208181117,122.78329969000197,False,
202,scalp_main,Fp2,0.0,43.3783078904803,191.32413471695298,219.19259256659188,255.95415935377787,False,
202,scalp_main,Fpz,0.0,43.2656628907647,186.67033532870263,216.62840033306585,248.8699433716638,False,
202,ear_full_main,Fpz,0.0,49.98887187379023,227.87456042467204,297.3139734293541,399.3328709917814,False,
202,ear_full_main,M1,0.0,22.374295193510335,75.6661899839609,240.270590083375,325.3791251784967,False,
202,ear_full_main,M2,0.0,21.54021269561619,81.37189171955568,229.73705341996944,302.17535423708057,False,
202,ear_full_main,EL1,0.0,28.085433929091096,86.86161558069499,245.7975238994209,254.33731935786,False,
202,ear_full_main,EL3,0.0,36.76037040718899,100.76627224558945,186.31875704958978,465.71463882418357,False,
202,ear_full_main,EL4,0.0,45.487807885154325,453.23273405569535,1781.961257100977,2505.382597674517,True,high_p99
202,ear_full_main,EL5,0.0,20.18184044904575,70.10492682300192,201.1794268720705,302.7876012355348,False,
202,ear_full_main,ER1,0.0,38.556951152653056,113.14914371432587,220.5125120632592,503.61001872850693,False,
202,ear_full_main,ER2,0.0,29.09567242654049,81.46681729431565,215.35346397628442,302.69465123576947,False,
202,ear_full_main,ER3,0.0,29.81791092471701,94.1225591123629,213.28420220150855,344.0479511313624,False,
202,ear_full_main,ER4,0.0,25.967998184437107,73.4497999145569,197.8925202003694,304.9776272300055,False,
202,ear_strict_main,M1,0.0,22.374295193510335,75.6661899839609,240.270590083375,325.3791251784967,False,
202,ear_strict_main,M2,0.0,21.54021269561619,81.37189171955568,229.73705341996944,302.17535423708057,False,
202,ear_strict_main,EL1,0.0,28.085433929091096,86.86161558069499,245.7975238994209,254.33731935786,False,
202,ear_strict_main,EL3,0.0,36.76037040718899,100.76627224558945,186.31875704958978,465.71463882418357,False,
202,ear_strict_main,EL4,0.0,45.487807885154325,453.23273405569535,1781.961257100977,2505.382597674517,True,high_p99
202,ear_strict_main,EL5,0.0,20.18184044904575,70.10492682300192,201.1794268720705,302.7876012355348,False,
202,ear_strict_main,ER1,0.0,38.556951152653056,113.14914371432587,220.5125120632592,503.61001872850693,False,
202,ear_strict_main,ER2,0.0,29.09567242654049,81.46681729431565,215.35346397628442,302.69465123576947,False,
202,ear_strict_main,ER3,0.0,29.81791092471701,94.1225591123629,213.28420220150855,344.0479511313624,False,
202,ear_strict_main,ER4,0.0,25.967998184437107,73.4497999145569,197.8925202003694,304.9776272300055,False,
203,scalp_main,O1,0.0,51.41508887018938,73.45340841454795,83.39603460944525,88.31453977702722,False,
203,scalp_main,Pz,0.0,28.489951428069787,43.70467483965628,54.950502501263315,68.94921182591997,False,
203,scalp_main,P3,0.0,32.362221418293245,50.17674707331589,59.07674841084554,72.69750581645644,False,
203,scalp_main,P7,0.0,41.9419313941068,65.35791013498712,77.10007226534103,100.72973974568185,False,
203,scalp_main,CP1,0.0,23.521279440614478,34.77191486220934,40.87626502679732,47.742194879462545,False,
203,scalp_main,CP5,0.0,27.596907680324506,38.80872145201735,49.6682019945998,69.39513182479413,False,
203,scalp_main,TP7,0.0,33.989870914183825,52.32591336788976,70.54365794189438,101.32721574417337,False,
203,scalp_main,Cz,0.0,27.13240143149727,38.25545765341425,48.64474544718382,54.61276186211603,False,
203,scalp_main,C3,0.0,22.01719294441193,31.80831619469172,37.22182677602392,53.716661864378466,False,
203,scalp_main,T7,0.0,33.219772916128136,52.912622166408454,84.80397135589055,108.57405372587687,False,
203,scalp_main,FC1,100.0,,,,,True,all_nan
203,scalp_main,FC5,0.0,23.787603939942073,35.25458106099072,42.593872042460774,60.51229684722114,False,
203,scalp_main,F3,0.0,28.269252928626997,45.67731318467587,56.62438285703717,65.48017283467846,False,
203,scalp_main,F7,0.0,29.781565924808774,44.288044188183385,61.897867843722864,84.15720478752348,False,
203,scalp_main,Fp1,0.0,35.48512491040867,84.00165438791613,116.56161528571019,138.14957965120584,False,
203,scalp_main,O2,0.0,44.084151888698216,64.1539267380269,74.79470869116152,84.751513786023,False,
203,scalp_main,P4,0.0,30.47679467305349,45.127646136063625,54.31646248286412,64.54489183703981,False,
203,scalp_main,P8,0.0,36.93540640674706,58.635389851959864,67.48797030960925,81.74244379362017,False,
203,scalp_main,CP2,0.0,56.973585356155525,142.4425438403671,187.95181300546722,243.22136738592508,False,
203,scalp_main,CP6,0.0,22.70467394267621,36.1463647087392,42.57423270251039,46.995896881346766,False,
203,scalp_main,TP8,0.0,32.454460418060364,50.330032722928884,62.28391610274822,71.0509478206136,False,
203,scalp_main,C4,0.0,19.736132450171056,29.618941275219356,38.55719423765244,57.47501735488953,False,
203,scalp_main,T8,0.0,29.61075167524004,53.73606031432948,89.47445139409858,190.07025602011873,False,
203,scalp_main,Fc2,0.0,27.275685431135514,39.75930149961741,45.73943730451902,58.97680185109789,False,
203,scalp_main,FC6,0.0,25.553084935484662,34.98830611166299,40.63172771741474,44.312280888122245,False,
203,scalp_main,Fz,0.0,30.20327892374405,48.8296747767169,59.51893823972912,71.03100282066396,False,
203,scalp_main,F4,0.0,50.87627187154976,66.83849573124901,77.18469345512737,80.78385179604038,False,
203,scalp_main,F8,0.0,27.458949430672817,38.508645502775,54.71470295185861,82.56566379154174,False,
203,scalp_main,Fp2,0.0,35.688573409895014,83.18808708997024,112.6625802955543,155.26056360800476,False,
203,scalp_main,Fpz,0.0,35.39349991064,72.95118121581594,95.7498719182548,125.40049368339419,False,
203,ear_full_main,Fpz,0.0,40.638383397397945,85.19652398489939,132.32202804591893,148.3674876254081,False,
203,ear_full_main,M1,0.0,29.30782292600486,41.677543394774304,62.54137446209805,178.08059155038973,False,
203,ear_full_main,M2,0.0,21.892486944726784,31.319683320925378,59.246235390417475,145.56886363247395,False,
203,ear_full_main,EL1,0.0,32.97167241675453,52.317289017911506,155.8402736865411,326.7748231749729,False,
203,ear_full_main,EL3,0.0,24.144416939041207,36.38925925812594,53.26989357550644,119.67239969785624,False,
203,ear_full_main,EL4,0.0,67.72804582900312,107.75661892794068,290.0944651875808,781.6729900264654,False,
203,ear_full_main,EL5,0.0,19.33446045118518,30.26847232357944,53.406560805161334,120.40503569600651,False,
203,ear_full_main,ER1,0.0,28.867908927115536,43.379625540476965,53.5290092048522,120.82818769493815,False,
203,ear_full_main,ER2,0.0,26.157549433958536,36.977736406640176,49.98657505379577,128.88408367459897,False,
203,ear_full_main,ER3,0.0,24.70647793762214,36.371189108171556,70.92763762092487,149.2303796232295,False,
203,ear_full_main,ER4,0.0,21.663946945303792,34.159296713756035,54.903715421381314,136.00747965661412,False,
203,ear_strict_main,M1,0.0,29.30782292600486,41.677543394774304,62.54137446209805,178.08059155038973,False,
203,ear_strict_main,M2,0.0,21.892486944726784,31.319683320925378,59.246235390417475,145.56886363247395,False,
203,ear_strict_main,EL1,0.0,32.97167241675453,52.317289017911506,155.8402736865411,326.7748231749729,False,
203,ear_strict_main,EL3,0.0,24.144416939041207,36.38925925812594,53.26989357550644,119.67239969785624,False,
203,ear_strict_main,EL4,0.0,67.72804582900312,107.75661892794068,290.0944651875808,781.6729900264654,False,
203,ear_strict_main,EL5,0.0,19.33446045118518,30.26847232357944,53.406560805161334,120.40503569600651,False,
203,ear_strict_main,ER1,0.0,28.867908927115536,43.379625540476965,53.5290092048522,120.82818769493815,False,
203,ear_strict_main,ER2,0.0,26.157549433958536,36.977736406640176,49.98657505379577,128.88408367459897,False,
203,ear_strict_main,ER3,0.0,24.70647793762214,36.371189108171556,70.92763762092487,149.2303796232295,False,
203,ear_strict_main,ER4,0.0,21.663946945303792,34.159296713756035,54.903715421381314,136.00747965661412,False,
205,scalp_main,O1,0.0,137.8252076520248,194.3335611093548,225.42349623086028,800.6406219785767,False,
205,scalp_main,Pz,0.0,134.16848966125713,190.6955797185399,230.4938610580589,788.5512620090994,False,
205,scalp_main,P3,0.0,134.77613365972297,190.9162997179826,227.11438742659124,779.8407820310913,False,
205,scalp_main,P7,0.0,134.920298659359,191.9486195153762,227.12687910655976,789.8557740058059,False,
205,scalp_main,CP1,0.0,132.7051476649517,185.53485833156932,226.36220462849036,773.6148620468102,False,
205,scalp_main,CP5,0.0,135.00746165913893,192.80766631320733,228.95273086194993,791.6787180012034,False,
205,scalp_main,TP7,0.0,134.6960316599252,192.4648905140728,227.7330536650293,790.772238003492,False,
205,scalp_main,Cz,0.0,132.21548966618798,192.3497297143635,219.49806996582043,775.1350060429722,False,
205,scalp_main,C3,0.0,131.95570066684388,190.4515845191559,221.5109562807384,779.5224780318949,False,
205,scalp_main,T7,0.0,134.13774166133476,197.63497950101961,236.6082718826214,791.3383180020628,False,
205,scalp_main,FC1,0.0,132.6630926650579,190.63516511869244,222.2667681188301,773.4184620473061,False,
205,scalp_main,FC5,0.0,133.97452566174684,196.0753771049572,242.98274330652754,782.2049100251224,False,
205,scalp_main,F3,0.0,134.87258565947945,191.57442011632105,230.24234873869378,777.2544620376211,False,
205,scalp_main,F7,0.0,135.1438796587945,195.55269440627683,254.23940023810715,770.2274060553627,False,
205,scalp_main,Fp1,0.0,139.1747236486176,217.0788563519285,358.9005363338615,856.8188458367404,False,
205,scalp_main,O2,0.0,138.28876865085442,195.6930291059226,222.84818831736237,805.3080139667927,False,
205,scalp_main,P4,0.0,134.23540966108817,191.4853593165459,231.82053193470938,789.2767500072678,False,
205,scalp_main,P8,0.0,137.4192696530497,195.70928470588154,224.17376219401558,810.1310859546156,False,
205,scalp_main,CP2,0.0,4358.014516997071,6253.617673811132,7317.187373525874,26291.490749620367,True,high_median;high_p95;high_p99
205,scalp_main,CP6,0.0,137.2764456534103,195.46051030650963,224.94018743208053,810.1656779545283,False,
205,scalp_main,TP8,0.0,137.89342465185257,195.18971470719333,223.69597455522185,809.3525899565811,False,
205,scalp_main,C4,0.0,132.83235966463053,187.76904452592873,222.21652261895713,789.4845260067432,False,
205,scalp_main,T8,0.0,138.07617565139117,197.0736959024367,224.08124135424916,821.827517925085,False,
205,scalp_main,Fc2,100.0,,,,,True,all_nan
205,scalp_main,FC6,0.0,133.7204156623884,189.32277912200573,242.93918178663742,798.4684619840609,False,
205,scalp_main,Fz,0.0,134.9540396592738,193.057365112577,227.13459350654003,776.9224940384593,False,
205,scalp_main,F4,0.0,134.05802166153603,191.60163371625237,228.65775928269454,784.3156940197932,False,
205,scalp_main,F8,0.0,136.09633765638978,205.363493881507,258.29429446786935,820.2986059289451,False,
205,scalp_main,Fp2,0.0,139.73034964721478,200.72540299321705,239.52168447526577,773.611374046819,False,
205,scalp_main,Fpz,0.0,135.49024365792002,197.27957850191692,238.87938667688746,768.3939180599918,False,
205,ear_full_main,Fpz,0.0,43.33300939059467,92.2825598670088,117.80156928257955,171.9578795658481,False,
205,ear_full_main,M1,0.0,28.754797927401114,44.45593728775954,58.29115330282898,118.70896370028868,False,
205,ear_full_main,M2,0.0,28.403891428287068,46.88441748162819,66.92704255102544,107.6295117282616,False,
205,ear_full_main,EL1,0.0,26.377819933402407,55.02160446108379,91.45676395909386,705.990222217546,False,
205,ear_full_main,EL3,0.0,23.412537440889025,38.8007592020375,59.783333749061576,119.97195569709993,False,
205,ear_full_main,EL4,0.0,21.695414695224343,38.83296390195615,64.19379055792625,135.9159516568452,False,
205,ear_full_main,EL5,0.0,20.739853697636903,38.409374403025645,58.75279469166337,108.00211172732088,False,
205,ear_full_main,ER1,0.0,28.152739428921166,47.89804937906904,89.10632640502783,222.44429543838214,False,
205,ear_full_main,ER2,0.0,35.989813909134455,67.4496926297059,105.17779286445148,417.2548349465328,False,
205,ear_full_main,ER3,0.0,22.769818442511735,42.09134034372953,69.20195749528179,120.55549169562664,False,
205,ear_full_main,ER4,0.0,23.54050369056594,41.311977120697264,66.3177492725637,90.14367977240909,False,
205,ear_strict_main,M1,0.0,28.754797927401114,44.45593728775954,58.29115330282898,118.70896370028868,False,
205,ear_strict_main,M2,0.0,28.403891428287068,46.88441748162819,66.92704255102544,107.6295117282616,False,
205,ear_strict_main,EL1,0.0,26.377819933402407,55.02160446108379,91.45676395909386,705.990222217546,False,
205,ear_strict_main,EL3,0.0,23.412537440889025,38.8007592020375,59.783333749061576,119.97195569709993,False,
205,ear_strict_main,EL4,0.0,21.695414695224343,38.83296390195615,64.19379055792625,135.9159516568452,False,
205,ear_strict_main,EL5,0.0,20.739853697636903,38.409374403025645,58.75279469166337,108.00211172732088,False,
205,ear_strict_main,ER1,0.0,28.152739428921166,47.89804937906904,89.10632640502783,222.44429543838214,False,
205,ear_strict_main,ER2,0.0,35.989813909134455,67.4496926297059,105.17779286445148,417.2548349465328,False,
205,ear_strict_main,ER3,0.0,22.769818442511735,42.09134034372953,69.20195749528179,120.55549169562664,False,
205,ear_strict_main,ER4,0.0,23.54050369056594,41.311977120697264,66.3177492725637,90.14367977240909,False,
206,scalp_main,O1,0.0,57.68028385437128,90.43301417167855,108.65998260565989,117.17824770415336,False,
206,scalp_main,Pz,0.0,39.6245208999577,57.59355265459025,69.1645851253762,71.90324581846176,False,
206,scalp_main,P3,0.0,44.06231788875334,66.11420863307767,75.36773800971474,82.95806579055102,False,
206,scalp_main,P7,0.0,54.16074586325726,86.40370578185161,101.55753432359187,116.06586370696186,False,
206,scalp_main,CP1,0.0,37.03069290650649,51.558198369828055,58.71748749175259,65.18864783541449,False,
206,scalp_main,CP5,0.0,37.25249590594649,54.874443061455345,65.18240361543025,78.18867980259256,False,
206,scalp_main,TP7,0.0,41.43615739538376,62.460753142301755,74.5278315318353,81.63650779388763,False,
206,scalp_main,Cz,0.0,41.615280894931516,56.59238595711796,65.26016573523391,78.54747980168668,False,
206,scalp_main,C3,0.0,36.51110590781832,50.22162087320258,58.726138291730734,68.72552982648472,False,
206,scalp_main,T7,0.0,38.62172790248951,53.04560316607272,63.12517342062424,114.34797171129912,False,
206,scalp_main,FC1,0.0,42.039123893861415,58.60880770202698,68.1707919678853,83.52580378911762,False,
206,scalp_main,FC5,100.0,,,,,True,all_nan
206,scalp_main,F3,0.0,964.6740455644322,1254.113456033668,1415.8546303453106,1506.4684121965329,True,high_median;high_p95;high_p99
206,scalp_main,F7,0.0,44.234360888318975,59.442666949921666,66.92335873103475,90.06793577260032,False,
206,scalp_main,Fp1,0.0,61.47906484478028,177.1457869527497,194.54086318883154,209.60875547078876,False,
206,scalp_main,O2,0.0,59.02096535098639,91.69536881849143,103.35553849905234,112.158107716828,False,
206,scalp_main,P4,0.0,41.59272639498846,61.50044604472628,71.45755021958702,88.72717577598542,False,
206,scalp_main,P8,0.0,42.92666514162059,60.99413439600461,68.7321095464681,79.1560818001501,False,
206,scalp_main,CP2,0.0,35.648842909995324,48.880225676589276,56.541423467246624,60.65529984686009,False,
206,scalp_main,CP6,0.0,42.746162392076315,60.69961089674821,68.4619057871503,77.25097680496003,False,
206,scalp_main,TP8,0.0,42.66130039229057,61.018533245943004,68.90050896604293,77.3800318046342,False,
206,scalp_main,C4,0.0,36.53465340775887,48.748289826922395,57.32322460527276,67.57407782939185,False,
206,scalp_main,T8,0.0,38.135195903717886,50.4129141727196,56.01736755856973,74.9724318107128,False,
206,scalp_main,Fc2,0.0,42.653749892309634,59.02654695097229,66.19307942287853,73.52402781436967,False,
206,scalp_main,FC6,0.0,40.111262898728796,50.82032237169101,58.7329700617135,116.06641970696046,False,
206,scalp_main,Fz,0.0,46.10774938358912,67.46984122965502,71.67653867903412,90.5038277714998,False,
206,scalp_main,F4,0.0,47.73162037948924,67.23791243024058,75.64400188901719,101.91943974267815,False,
206,scalp_main,F8,0.0,43.304092890667675,60.04226274840785,68.35062702743124,116.0205797070762,False,
206,scalp_main,Fp2,0.0,58.24113985295526,167.4440082772445,179.5965894465622,205.82565948034016,False,
206,scalp_main,Fpz,0.0,51.72422436940889,148.72498942450548,161.42186027244895,169.96035557089135,False,
206,ear_full_main,Fpz,0.0,41.451352895345394,155.0581229085158,178.72213520876997,193.7480515108332,False,
206,ear_full_main,M1,0.0,23.79767293991665,37.557627905176055,47.797461364323006,100.50143774625826,False,
206,ear_full_main,M2,0.0,20.84037582238311,34.63137496256418,53.32250058537361,67.08291383063192,False,
206,ear_full_main,EL1,0.0,28.14972792892877,66.66549153168579,148.4086405253041,196.88222350292017,False,
206,ear_full_main,EL3,0.0,28.2999484285495,46.94717123146979,61.58309348451759,86.14973978249282,False,
206,ear_full_main,EL4,0.0,21.02548219691576,36.04593570899275,49.81229979423598,66.21762183281658,False,
206,ear_full_main,EL5,0.0,20.021426699450757,55.625079609560146,85.92078574307055,160.63597159443316,False,
206,ear_full_main,ER1,0.0,27.063228431671916,84.85018083577387,186.5879762089106,281.0727612903595,False,
206,ear_full_main,ER2,0.0,22.336814943604963,38.145034803693044,49.48072817507317,54.272672362974674,False,
206,ear_full_main,ER3,0.0,31.59173692023853,53.35858106528246,95.36740348922045,187.71700752606012,False,
206,ear_full_main,ER4,0.0,21.130665946650197,32.11379133142046,61.36986059005592,81.0186017954477,False,
206,ear_strict_main,M1,0.0,23.79767293991665,37.557627905176055,47.797461364323006,100.50143774625826,False,
206,ear_strict_main,M2,0.0,20.84037582238311,34.63137496256418,53.32250058537361,67.08291383063192,False,
206,ear_strict_main,EL1,0.0,28.14972792892877,66.66549153168579,148.4086405253041,196.88222350292017,False,
206,ear_strict_main,EL3,0.0,28.2999484285495,46.94717123146979,61.58309348451759,86.14973978249282,False,
206,ear_strict_main,EL4,0.0,21.02548219691576,36.04593570899275,49.81229979423598,66.21762183281658,False,
206,ear_strict_main,EL5,0.0,20.021426699450757,55.625079609560146,85.92078574307055,160.63597159443316,False,
206,ear_strict_main,ER1,0.0,27.063228431671916,84.85018083577387,186.5879762089106,281.0727612903595,False,
206,ear_strict_main,ER2,0.0,22.336814943604963,38.145034803693044,49.48072817507317,54.272672362974674,False,
206,ear_strict_main,ER3,0.0,31.59173692023853,53.35858106528246,95.36740348922045,187.71700752606012,False,
206,ear_strict_main,ER4,0.0,21.130665946650197,32.11379133142046,61.36986059005592,81.0186017954477,False,
208,scalp_main,O1,0.0,62.32293284264972,101.32888474416909,132.94142702435505,195.98575350518354,False,
208,scalp_main,Pz,0.0,51.52082236992243,90.4187196717146,122.77699669001785,190.04312752018723,False,
208,scalp_main,P3,0.0,51.645967869606466,92.22992626714182,126.52331356055933,188.11893752504534,False,
208,scalp_main,P7,0.0,51.7103558694439,93.0876362649763,124.48460888570655,175.3764255572171,False,
208,scalp_main,CP1,0.0,46.57486188240978,87.77639667838588,116.61242414558187,170.81514156873322,False,
208,scalp_main,CP5,0.0,51.538424869877986,92.51940956641084,124.46920432574545,174.63708355908375,False,
208,scalp_main,TP7,0.0,51.31617187043912,93.22398656463201,123.53720984809848,175.39972155715827,False,
208,scalp_main,Cz,0.0,46.629651882271446,88.50032037655814,117.38198626363891,168.03414957575455,False,
208,scalp_main,C3,0.0,45.44577538526045,89.30419837452854,119.16500980913725,160.36190159512512,False,
208,scalp_main,T7,0.0,51.47600087003559,99.17180244961526,154.26210756052558,190.169959519867,False,
208,scalp_main,FC1,0.0,45.20635338586493,88.35132737693424,119.30242233879031,159.3128235977738,False,
208,scalp_main,FC5,100.0,,,,,True,all_nan
208,scalp_main,F3,100.0,,,,,True,all_nan
208,scalp_main,F7,0.0,48.147096878440266,94.43402631157691,130.3272927309552,158.3004456003298,False,
208,scalp_main,Fp1,0.0,84.75489878601445,245.77344527948165,266.56889202697823,277.8626312984643,False,
208,scalp_main,O2,0.0,63.6915478391943,100.71952274570762,130.9111992294809,201.1460314921551,False,
208,scalp_main,P4,0.0,50.867858871571,88.94744207542924,121.00537837449079,192.61982751368168,False,
208,scalp_main,P8,0.0,52.188844368235834,91.14540136987995,120.34428041615986,186.58551752891685,False,
208,scalp_main,CP2,0.0,47.13274138100127,86.81888008080331,114.69270027042869,175.63960755655262,False,
208,scalp_main,CP6,0.0,51.57914386977518,90.73008127092854,121.19873965400258,186.65626352873824,False,
208,scalp_main,TP8,0.0,51.777315869274844,91.17856406979621,119.95865061713346,186.82747152830598,False,
208,scalp_main,C4,0.0,44.92504388657517,88.17057507739064,118.27085138139476,172.37669756479067,False,
208,scalp_main,T8,0.0,50.069202873587415,94.90027866039976,117.46720158342362,175.69222955641976,False,
208,scalp_main,Fc2,0.0,44.95317738650414,84.89679648565588,122.62201479040912,167.60211757684533,False,
208,scalp_main,FC6,0.0,49.526564374957445,94.02988346259735,140.9380158041657,164.11806358564172,False,
208,scalp_main,Fz,0.0,48.727263376975486,86.94085133049542,122.91146660967831,162.89768358872288,False,
208,scalp_main,F4,0.0,50.160514873356874,93.86820726300552,139.41165324801935,164.75787158402636,False,
208,scalp_main,F8,0.0,56.285510857892746,100.1122789472408,146.93524220902407,166.5521675794962,False,
208,scalp_main,Fp2,0.0,80.74015079615071,244.04074238385635,259.91616991377475,275.1158633053992,False,
208,scalp_main,Fpz,0.0,83.5949237889431,243.40509788546117,265.92731350859805,275.6043833041658,False,
208,ear_full_main,Fpz,0.0,56.3235518577967,256.9228560513321,270.0719497781339,327.17204917397,False,
208,ear_full_main,M1,0.0,27.61074043028958,47.704737154557094,54.87595805145152,155.23148760807817,False,
208,ear_full_main,M2,0.0,24.112216439122506,45.08970263615942,60.67385114681323,153.00316761370414,False,
208,ear_full_main,EL1,0.0,30.75302342235608,51.555074569835945,91.21041268971581,162.55457558958915,False,
208,ear_full_main,EL3,0.0,37.02927540651007,58.47943810235361,86.64636886123891,174.76969555874894,False,
208,ear_full_main,EL4,0.0,31.181137421275196,51.14497352087131,105.23102293431718,156.59071160464646,False,
208,ear_full_main,EL5,0.0,41.80236339445918,65.60202118437078,129.0526336541734,155.13924760831105,False,
208,ear_full_main,ER1,0.0,52.283696867996355,85.6786039836822,260.3855496225896,1493.1394522301853,False,
208,ear_full_main,ER2,0.0,31.25151442109751,52.525658117385404,160.3047451152694,229.50908342054527,False,
208,ear_full_main,ER3,0.0,26.04322443424718,45.43362606029109,70.36860150233629,153.5562236123078,False,
208,ear_full_main,ER4,0.0,28.448894428173446,46.55868173245061,64.4142213673696,153.15756361331432,False,
208,ear_strict_main,M1,0.0,27.61074043028958,47.704737154557094,54.87595805145152,155.23148760807817,False,
208,ear_strict_main,M2,0.0,24.112216439122506,45.08970263615942,60.67385114681323,153.00316761370414,False,
208,ear_strict_main,EL1,0.0,30.75302342235608,51.555074569835945,91.21041268971581,162.55457558958915,False,
208,ear_strict_main,EL3,0.0,37.02927540651007,58.47943810235361,86.64636886123891,174.76969555874894,False,
208,ear_strict_main,EL4,0.0,31.181137421275196,51.14497352087131,105.23102293431718,156.59071160464646,False,
208,ear_strict_main,EL5,0.0,41.80236339445918,65.60202118437078,129.0526336541734,155.13924760831105,False,
208,ear_strict_main,ER1,0.0,52.283696867996355,85.6786039836822,260.3855496225896,1493.1394522301853,False,
208,ear_strict_main,ER2,0.0,31.25151442109751,52.525658117385404,160.3047451152694,229.50908342054527,False,
208,ear_strict_main,ER3,0.0,26.04322443424718,45.43362606029109,70.36860150233629,153.5562236123078,False,
208,ear_strict_main,ER4,0.0,28.448894428173446,46.55868173245061,64.4142213673696,153.15756361331432,False,
209,scalp_main,O1,0.0,1258.300748823096,2622.8286173779925,3718.216530772404,8476.741610598285,True,high_median;high_p95;high_p99
209,scalp_main,Pz,0.0,1258.0845568236418,2626.121388569679,3726.658843711089,8476.80279459813,True,high_median;high_p95;high_p99
209,scalp_main,P3,100.0,,,,,True,all_nan
209,scalp_main,P7,100.0,,,,,True,all_nan
209,scalp_main,CP1,100.0,,,,,True,all_nan
209,scalp_main,CP5,100.0,,,,,True,all_nan
209,scalp_main,TP7,0.0,1259.6748608196267,2612.801977403307,3724.3642619568823,8474.249194604577,True,high_median;high_p95;high_p99
209,scalp_main,Cz,0.0,1261.0518368161502,2625.3163677717116,3731.9677499376853,8470.314474614512,True,high_median;high_p95;high_p99
209,scalp_main,C3,0.0,1259.5045888200566,2614.881167798058,3744.794239505302,8478.817258593044,True,high_median;high_p95;high_p99
209,scalp_main,T7,100.0,,,,,True,all_nan
209,scalp_main,FC1,0.0,1253.8591968343098,2623.5346077762106,3731.6171963385705,8466.78577062342,True,high_median;high_p95;high_p99
209,scalp_main,FC5,0.0,1256.767948826966,2613.622108601237,3726.8982664304845,8465.140970627574,True,high_median;high_p95;high_p99
209,scalp_main,F3,0.0,1253.6668288347955,2620.8479709829935,3728.992912185196,8464.608490628918,True,high_median;high_p95;high_p99
209,scalp_main,F7,100.0,,,,,True,all_nan
209,scalp_main,Fp1,0.0,1255.1137568311424,2626.036578969894,3727.7553723483206,8470.278122614603,True,high_median;high_p95;high_p99
209,scalp_main,O2,0.0,1266.2083488031312,2628.8530877627827,3719.51335380913,8479.763178590656,True,high_median;high_p95;high_p99
209,scalp_main,P4,0.0,1256.3052448281342,2628.6751933632313,3724.983533635319,8477.944554595248,True,high_median;high_p95;high_p99
209,scalp_main,P8,100.0,,,,,True,all_nan
209,scalp_main,CP2,100.0,,,,,True,all_nan
209,scalp_main,CP6,0.0,1256.095804828663,2622.5627037786635,3729.231712824593,8481.733098585682,True,high_median;high_p95;high_p99
209,scalp_main,TP8,0.0,1263.363420810314,2624.571436573592,3730.8895777804078,8482.473962583812,True,high_median;high_p95;high_p99
209,scalp_main,C4,0.0,1257.700732824611,2629.7645693604813,3735.9518100876267,8479.439338591474,True,high_median;high_p95;high_p99
209,scalp_main,T8,0.0,1255.160220831025,2623.2448093769412,3735.297358889279,8470.872042613104,True,high_median;high_p95;high_p99
209,scalp_main,Fc2,100.0,,,,,True,all_nan
209,scalp_main,FC6,0.0,1258.7047968220759,2627.2797597667545,3733.701856813307,8471.254762612138,True,high_median;high_p95;high_p99
209,scalp_main,Fz,0.0,1250.958300841634,2627.3848637664896,3730.9018286603764,8465.040618627827,True,high_median;high_p95;high_p99
209,scalp_main,F4,0.0,1171.8192610414408,2451.52663701049,3492.353495182653,7911.248108026019,True,high_median;high_p95;high_p99
209,scalp_main,F8,0.0,1263.6892128094914,2631.1215229570553,3736.83767632539,8472.825578608172,True,high_median;high_p95;high_p99
209,scalp_main,Fp2,0.0,1251.639116839915,2634.180326149333,3734.3680148916255,8468.87729061814,True,high_median;high_p95;high_p99
209,scalp_main,Fpz,0.0,1252.2677568383278,2618.6715197884882,3731.8896353778823,8468.395242619357,True,high_median;high_p95;high_p99
209,ear_full_main,Fpz,0.0,28.895698177045375,113.2936355139607,234.76145656728426,259.33171934525035,False,
209,ear_full_main,M1,0.0,23.683470940204984,36.97453745664826,52.103603818451035,73.7618648137692,False,
209,ear_full_main,M2,0.0,21.57310744553314,34.23228376357177,44.40788321788087,59.43168384994942,False,
209,ear_full_main,EL1,0.0,23.134779941590295,37.70974592979204,54.7187291518484,100.4488257463911,False,
209,ear_full_main,EL3,0.0,21.313204196189332,38.27109915337475,49.251516585651856,67.19169483035728,False,
209,ear_full_main,EL4,0.0,15.21682471158121,29.47454335058392,48.56352023738879,87.31491977955102,False,
209,ear_full_main,EL5,0.0,19.128985451703954,70.50598642198939,198.40378874407853,340.94954313918515,False,
209,ear_full_main,ER1,0.0,27.610244180290834,40.26508534834043,64.48848807718221,91.9737517677886,False,
209,ear_full_main,ER2,0.0,22.225979443884796,34.99941881163496,53.617340394629224,63.004433840929096,False,
209,ear_full_main,ER3,0.0,15.9844273346432,27.536366855477326,38.54041621269479,56.9961728560985,False,
209,ear_full_main,ER4,0.0,21.3226836961654,35.499540135372214,50.84640861162505,161.8481155913728,False,
209,ear_strict_main,M1,0.0,23.683470940204984,36.97453745664826,52.103603818451035,73.7618648137692,False,
209,ear_strict_main,M2,0.0,21.57310744553314,34.23228376357177,44.40788321788087,59.43168384994942,False,
209,ear_strict_main,EL1,0.0,23.134779941590295,37.70974592979204,54.7187291518484,100.4488257463911,False,
209,ear_strict_main,EL3,0.0,21.313204196189332,38.27109915337475,49.251516585651856,67.19169483035728,False,
209,ear_strict_main,EL4,0.0,15.21682471158121,29.47454335058392,48.56352023738879,87.31491977955102,False,
209,ear_strict_main,EL5,0.0,19.128985451703954,70.50598642198939,198.40378874407853,340.94954313918515,False,
209,ear_strict_main,ER1,0.0,27.610244180290834,40.26508534834043,64.48848807718221,91.9737517677886,False,
209,ear_strict_main,ER2,0.0,22.225979443884796,34.99941881163496,53.617340394629224,63.004433840929096,False,
209,ear_strict_main,ER3,0.0,15.9844273346432,27.536366855477326,38.54041621269479,56.9961728560985,False,
209,ear_strict_main,ER4,0.0,21.3226836961654,35.499540135372214,50.84640861162505,161.8481155913728,False,
211,scalp_main,O1,0.0,87.26342977968102,127.48572247812946,165.14109846305877,238.0319113990272,False,
211,scalp_main,Pz,0.0,86.44174178175558,126.71792928006796,162.27214631030216,238.97141939665516,False,
211,scalp_main,P3,0.0,85.75659578348541,125.66570268272454,163.36814118753503,239.5820793951134,False,
211,scalp_main,P7,0.0,85.50461778412159,126.82099847980774,166.3439953000217,240.47082739286952,False,
211,scalp_main,CP1,0.0,85.36930978446321,123.91840108713606,161.34196275265066,236.87935540193712,False,
211,scalp_main,CP5,0.0,85.68101578367623,126.99812667936054,166.964544258455,240.68589539232653,False,
211,scalp_main,TP7,0.0,85.2675637847201,127.12480147904073,166.33058490005558,240.13341139372142,False,
211,scalp_main,Cz,0.0,85.14568378502781,126.76736527994315,159.6201597569978,238.06491139894388,False,
211,scalp_main,C3,0.0,88.3149417770262,128.09358447659477,163.98217902598472,245.50124738016893,False,
211,scalp_main,T7,0.0,87.93782077797835,127.23635947875907,171.37670848731534,244.0440873838479,False,
211,scalp_main,FC1,0.0,88.42021577676041,127.91900727703555,164.8932137636846,243.5584953850739,False,
211,scalp_main,FC5,100.0,,,,,True,all_nan
211,scalp_main,F3,100.0,,,,,True,all_nan
211,scalp_main,F7,0.0,88.69835377605818,127.27412187866369,173.78998658122245,247.25534737574026,False,
211,scalp_main,Fp1,0.0,88.65269777617345,133.50101186294233,169.1636578729028,247.51999537507209,False,
211,scalp_main,O2,0.0,88.55887577641033,128.26316467616664,167.96047413594053,238.96738339666535,False,
211,scalp_main,P4,0.0,87.5004877790825,127.40299527833835,164.87426714373245,240.14701139368708,False,
211,scalp_main,P8,0.0,88.66103977615239,128.10735047656001,168.6899012540989,240.8660073918718,False,
211,scalp_main,CP2,0.0,86.40387678185118,126.7891520798881,161.58777863203002,239.52617139525455,False,
211,scalp_main,CP6,0.0,91.23925676964302,129.98725227181367,171.33616294741776,249.36417537041598,False,
211,scalp_main,TP8,100.0,,,,,True,all_nan
211,scalp_main,C4,0.0,87.35798777944228,129.37108767336937,166.23165400030538,243.70600738470148,False,
211,scalp_main,T8,0.0,86.21741378232196,124.94570148454233,170.16996593036214,245.54515938005807,False,
211,scalp_main,Fc2,0.0,87.71403377854335,128.2472532762068,164.7905117039439,245.00589538141958,False,
211,scalp_main,FC6,0.0,87.63728377873713,126.8736040796749,171.24847888763915,248.6145153723087,False,
211,scalp_main,Fz,0.0,89.86299577311775,128.14833687645654,167.73413459651198,246.69681537715041,False,
211,scalp_main,F4,0.0,85.42929778431176,124.60038988541417,169.24773735269054,244.01508338392114,False,
211,scalp_main,F8,0.0,86.59923578135795,125.54417768303135,170.4998731495292,246.26403537824308,False,
211,scalp_main,Fp2,0.0,87.31485977955117,133.20522186368908,171.6495961266264,242.46802738782708,False,
211,scalp_main,Fpz,0.0,88.29673377707218,133.08358006399624,170.0177246507465,244.40001538294928,False,
211,ear_full_main,Fpz,0.0,46.58853088237527,152.54358581486417,296.3223706918575,363.71779108170085,False,
211,ear_full_main,M1,0.0,24.03162043932599,40.82426667192863,55.43674808003564,86.83819178075464,False,
211,ear_full_main,M2,0.0,25.12403093656792,45.58993413489646,60.426413567437926,72.74646181633284,False,
211,ear_full_main,EL1,0.0,36.55453140770868,61.27774824528856,75.85939566847341,94.05008776254635,False,
211,ear_full_main,EL3,0.0,27.598796430319737,48.1273566284901,62.21580146292018,75.18822781016797,False,
211,ear_full_main,EL4,0.0,27.6422209302101,53.65570636453232,70.54665390188678,97.09062575486973,False,
211,ear_full_main,EL5,0.0,22.50099119319046,46.675879282154646,62.00128982846176,96.20032075711754,False,
211,ear_full_main,ER1,0.0,29.738721924916945,63.050907440811706,121.37032005356924,286.02914327784583,False,
211,ear_full_main,ER2,0.0,33.06640541651535,51.310246320454056,67.05414417070452,78.60744780153527,False,
211,ear_full_main,ER3,0.0,30.523443922935712,54.22067746310594,79.82475767846174,160.0997795957869,False,
211,ear_full_main,ER4,0.0,24.472555938212736,47.876707879122876,66.88505177113146,108.402101726311,False,
211,ear_strict_main,M1,0.0,24.03162043932599,40.82426667192863,55.43674808003564,86.83819178075464,False,
211,ear_strict_main,M2,0.0,25.12403093656792,45.58993413489646,60.426413567437926,72.74646181633284,False,
211,ear_strict_main,EL1,0.0,36.55453140770868,61.27774824528856,75.85939566847341,94.05008776254635,False,
211,ear_strict_main,EL3,0.0,27.598796430319737,48.1273566284901,62.21580146292018,75.18822781016797,False,
211,ear_strict_main,EL4,0.0,27.6422209302101,53.65570636453232,70.54665390188678,97.09062575486973,False,
211,ear_strict_main,EL5,0.0,22.50099119319046,46.675879282154646,62.00128982846176,96.20032075711754,False,
211,ear_strict_main,ER1,0.0,29.738721924916945,63.050907440811706,121.37032005356924,286.02914327784583,False,
211,ear_strict_main,ER2,0.0,33.06640541651535,51.310246320454056,67.05414417070452,78.60744780153527,False,
211,ear_strict_main,ER3,0.0,30.523443922935712,54.22067746310594,79.82475767846174,160.0997795957869,False,
211,ear_strict_main,ER4,0.0,24.472555938212736,47.876707879122876,66.88505177113146,108.402101726311,False,
212,scalp_main,O1,0.0,1318.880460670147,1950.0797486765218,2205.4469601917813,3041.834232320107,True,high_median;high_p95;high_p99
212,scalp_main,Pz,0.0,1323.5825406582753,1942.4140462958753,2199.377250127106,3063.8444722645363,True,high_median;high_p95;high_p99
212,scalp_main,P3,0.0,1326.2888766514425,1950.3120558759351,2207.4795419466495,3069.2940722507774,True,high_median;high_p95;high_p99
212,scalp_main,P7,0.0,1326.7836606501933,1952.5054766703975,2215.4989880064027,3118.1281201274833,True,high_median;high_p95;high_p99
212,scalp_main,CP1,0.0,1323.6390846581326,1942.5352526955692,2203.5552523565575,3039.8920883250103,True,high_median;high_p95;high_p99
212,scalp_main,CP5,0.0,1327.2842846489293,1952.5896110701851,2215.0053928076486,3116.9960881303414,True,high_median;high_p95;high_p99
212,scalp_main,TP7,0.0,1327.7523166477476,1952.0437646715632,2215.077699687466,3117.2808881296223,True,high_median;high_p95;high_p99
212,scalp_main,Cz,0.0,1321.0550366646567,1940.7664271000351,2210.8814209780608,3070.0552882488555,True,high_median;high_p95;high_p99
212,scalp_main,C3,0.0,1322.5476126608883,1947.7963726822868,2208.483270584116,3073.9694002389733,True,high_median;high_p95;high_p99
212,scalp_main,T7,0.0,1326.767100650235,1954.0924814663906,2212.649839533596,3111.78021614351,True,high_median;high_p95;high_p99
212,scalp_main,FC1,0.0,1323.0704126595683,1947.7537134823947,2208.403855224316,3075.0988722361217,True,high_median;high_p95;high_p99
212,scalp_main,FC5,100.0,,,,,True,all_nan
212,scalp_main,F3,100.0,,,,,True,all_nan
212,scalp_main,F7,0.0,1321.8677886626047,1947.5057838830205,2203.552717316564,3070.8847282467614,True,high_median;high_p95;high_p99
212,scalp_main,Fp1,0.0,1315.508204678661,1954.4734958654287,2216.5394433637757,3061.8682802695257,True,high_median;high_p95;high_p99
212,scalp_main,O2,0.0,1318.2401886717635,1952.645003070045,2206.78224018841,3036.4085683338053,True,high_median;high_p95;high_p99
212,scalp_main,P4,0.0,1322.683996660544,1946.6656686851413,2201.625839881429,3068.2178482534946,True,high_median;high_p95;high_p99
212,scalp_main,P8,0.0,1320.4941086660729,1954.5120718653313,2222.0522327898575,3083.9313842138217,True,high_median;high_p95;high_p99
212,scalp_main,CP2,0.0,1322.204668661754,1943.218215893845,2203.1559477175656,3037.5769523308554,True,high_median;high_p95;high_p99
212,scalp_main,CP6,0.0,1320.963004664889,1953.594014267649,2220.7284964731994,3083.786232214188,True,high_median;high_p95;high_p99
212,scalp_main,TP8,0.0,1320.6337886657202,1955.2515406634643,2222.0561230298476,3083.7342642143194,True,high_median;high_p95;high_p99
212,scalp_main,C4,0.0,1322.5345566609212,1945.1060238890789,2209.8418990606856,3079.170808225841,True,high_median;high_p95;high_p99
212,scalp_main,T8,0.0,1320.9659006648817,1953.9244846668148,2220.8873278327983,3085.1562162107293,True,high_median;high_p95;high_p99
212,scalp_main,Fc2,0.0,1322.5316126609287,1945.647799887711,2209.3123281820226,3080.1631922233355,True,high_median;high_p95;high_p99
212,scalp_main,FC6,0.0,1320.2444286667032,1954.128804666299,2221.6413582308946,3083.537144214817,True,high_median;high_p95;high_p99
212,scalp_main,Fz,0.0,1323.1597246593428,1949.3958350782486,2209.401529461797,3074.9524402364914,True,high_median;high_p95;high_p99
212,scalp_main,F4,0.0,1320.8441086651892,1953.2632526684843,2221.786596950528,3083.0447282160603,True,high_median;high_p95;high_p99
212,scalp_main,F8,0.0,1314.6401246808528,1937.868673507351,2216.913352802832,3074.2896562381648,True,high_median;high_p95;high_p99
212,scalp_main,Fp2,0.0,1315.626684678362,1955.3355694632523,2216.8588171229694,3062.15960826879,True,high_median;high_p95;high_p99
212,scalp_main,Fpz,0.0,1314.5536126810712,1954.332353465785,2216.0280936050667,3062.1876402687194,True,high_median;high_p95;high_p99
212,ear_full_main,Fpz,0.0,37.75298840468287,205.24952498179417,315.7670567627647,418.48171494343524,False,
212,ear_full_main,M1,0.0,21.053902196844007,51.39908887022975,86.09987018261864,133.43344766311293,False,
212,ear_full_main,M2,0.0,20.877932947288286,40.790344397014266,65.96479809345486,86.60155978135208,False,
212,ear_full_main,EL1,0.0,29.269037926102783,57.27204905540193,92.18609278725222,203.56009548606016,False,
212,ear_full_main,EL3,0.0,26.492230933113547,61.19469934549818,143.40638705793356,265.61057532939776,False,
212,ear_full_main,EL4,0.0,31.435553420632857,75.25750260999283,173.91606068090323,676.3465102923892,False,
212,ear_full_main,EL5,0.0,19.646643450396994,40.57251794756422,73.28424411497464,288.48739127163935,False,
212,ear_full_main,ER1,0.0,30.470546173069266,68.18530102784861,141.90042832173586,371.09976706306315,False,
212,ear_full_main,ER2,0.0,27.210089681301127,43.935538039073386,79.45394379939806,142.39493164048736,False,
212,ear_full_main,ER3,0.0,28.470956428117745,54.245239613043914,133.2631887035428,309.8966712175861,False,
212,ear_full_main,ER4,0.0,26.283313683641012,74.14268841280764,152.03061717615915,268.2741353226729,False,
212,ear_strict_main,M1,0.0,21.053902196844007,51.39908887022975,86.09987018261864,133.43344766311293,False,
212,ear_strict_main,M2,0.0,20.877932947288286,40.790344397014266,65.96479809345486,86.60155978135208,False,
212,ear_strict_main,EL1,0.0,29.269037926102783,57.27204905540193,92.18609278725222,203.56009548606016,False,
212,ear_strict_main,EL3,0.0,26.492230933113547,61.19469934549818,143.40638705793356,265.61057532939776,False,
212,ear_strict_main,EL4,0.0,31.435553420632857,75.25750260999283,173.91606068090323,676.3465102923892,False,
212,ear_strict_main,EL5,0.0,19.646643450396994,40.57251794756422,73.28424411497464,288.48739127163935,False,
212,ear_strict_main,ER1,0.0,30.470546173069266,68.18530102784861,141.90042832173586,371.09976706306315,False,
212,ear_strict_main,ER2,0.0,27.210089681301127,43.935538039073386,79.45394379939806,142.39493164048736,False,
212,ear_strict_main,ER3,0.0,28.470956428117745,54.245239613043914,133.2631887035428,309.8966712175861,False,
212,ear_strict_main,ER4,0.0,26.283313683641012,74.14268841280764,152.03061717615915,268.2741353226729,False,
213,scalp_main,O1,0.0,56.97566585615027,80.79563739601062,92.2620505070607,141.70352764223298,False,
213,scalp_main,Pz,0.0,45.14247288602621,63.573724239491774,84.41827096686434,134.21521966113914,False,
213,scalp_main,P3,0.0,45.65025788474418,68.6865628765831,87.31978025953873,140.27840764583107,False,
213,scalp_main,P7,0.0,47.973095878879576,67.62796112925581,80.97663915555361,152.710119614444,False,
213,scalp_main,CP1,100.0,,,,,True,all_nan
213,scalp_main,CP5,0.0,43.27949789072977,59.83035594894287,76.11515500782767,152.00087961623467,False,
213,scalp_main,TP7,0.0,44.620267387344654,61.89334534373432,75.73710134878213,141.87879964179047,False,
213,scalp_main,Cz,0.0,42.813990391905065,61.69613774423221,76.53045852677911,133.2054756636885,False,
213,scalp_main,C3,0.0,42.22129839340147,61.06810054581785,78.53673616171378,145.26127163325054,False,
213,scalp_main,T7,0.0,47.54582987995832,68.61893732675382,81.10387549523237,150.99858161876523,False,
213,scalp_main,FC1,100.0,,,,,True,all_nan
213,scalp_main,FC5,0.0,43.59739538992716,61.20322019547672,73.29468329494871,146.6393236297713,False,
213,scalp_main,F3,0.0,45.803806384356506,65.64609683425952,75.86567572845756,145.20588663339038,False,
213,scalp_main,F7,0.0,45.635370884781764,69.78794062380238,90.97750209030389,150.2812216205764,False,
213,scalp_main,Fp1,0.0,48.70160387704027,90.45960497161121,164.9182247936215,201.55187149113044,False,
213,scalp_main,O2,0.0,56.106443858344846,77.83836640347701,95.83334171804405,120.5660056956001,False,
213,scalp_main,P4,0.0,48.69541587705589,70.81640312120577,82.67328871126996,125.13936968405346,False,
213,scalp_main,P8,0.0,54.4667008624848,75.44782170951255,92.34722046684567,129.30116367354594,False,
213,scalp_main,CP2,0.0,806.8503499628987,1422.9740300073352,1781.7032451016314,3450.7405672877176,True,high_median;high_p95;high_p99
213,scalp_main,CP6,0.0,45.2612998857262,61.59500364448754,77.9612618631667,130.37893567082483,False,
213,scalp_main,TP8,0.0,47.88271437910777,66.4175859323117,81.00879019547244,119.99551369704045,False,
213,scalp_main,C4,0.0,43.73813688957182,62.14900084308883,77.48900086435906,130.34843167090185,False,
213,scalp_main,T8,0.0,45.37600138543661,66.71271008156656,82.7859372709856,128.05734767668628,False,
213,scalp_main,Fc2,100.0,,,,,True,all_nan
213,scalp_main,FC6,0.0,45.0895233861599,63.24877564031217,80.13232173768533,125.58477468292892,False,
213,scalp_main,Fz,0.0,46.44726338273193,65.84874373374788,76.5648568066923,135.683929657431,False,
213,scalp_main,F4,0.0,812.9515659474946,1020.6219222231773,1088.6710318113699,1225.1806049067163,True,high_median;high_p95;high_p99
213,scalp_main,F8,0.0,47.96213387890725,70.70033222149875,90.23715888217308,130.82369566970192,False,
213,scalp_main,Fp2,0.0,49.274809375593065,88.8012921757982,164.44923890480553,184.7135115336432,False,
213,scalp_main,Fpz,0.0,48.56980937737302,84.28288218720614,152.14760189586423,180.14854354516865,False,
213,ear_full_main,Fpz,0.0,1618.329019914112,21491.986480137908,278771.7097396887,1105100.5924098892,True,high_median;high_p95;high_p99
213,ear_full_main,M1,0.0,1606.3478359443616,6221.391280292479,38171.73802842559,294456.7862005681,True,high_median;high_p95;high_p99
213,ear_full_main,M2,0.0,1609.8111959356174,6232.443901064573,38164.97920348266,294444.63746459875,True,high_median;high_p95;high_p99
213,ear_full_main,EL1,0.0,1615.9223319201883,6279.925456144696,38102.04754540155,294441.06575260777,True,high_median;high_p95;high_p99
213,ear_full_main,EL3,0.0,1609.9934999351572,6216.299709105334,38186.897229667324,294630.6204401292,True,high_median;high_p95;high_p99
213,ear_full_main,EL4,0.0,1607.8604759405425,6209.388803522781,38068.187237007034,294170.79528929014,True,high_median;high_p95;high_p99
213,ear_full_main,EL5,0.0,1608.3098999394078,6213.271997112977,38198.757430597376,294149.83196134306,True,high_median;high_p95;high_p99
213,ear_full_main,ER1,0.0,1617.308347916689,6214.413782710094,38078.29234802152,294517.4643444149,True,high_median;high_p95;high_p99
213,ear_full_main,ER2,0.0,1616.7256439181601,6233.206518662649,38133.218796522844,294837.18991160765,True,high_median;high_p95;high_p99
213,ear_full_main,ER3,0.0,1619.7170839106075,6227.432073877228,38195.66615892518,294795.5499757128,True,high_median;high_p95;high_p99
213,ear_full_main,ER4,0.0,1613.0716599273856,6226.52356827952,38119.35858535784,294330.5884408867,True,high_median;high_p95;high_p99
213,ear_strict_main,M1,0.0,1606.3478359443616,6221.391280292479,38171.73802842559,294456.7862005681,True,high_median;high_p95;high_p99
213,ear_strict_main,M2,0.0,1609.8111959356174,6232.443901064573,38164.97920348266,294444.63746459875,True,high_median;high_p95;high_p99
213,ear_strict_main,EL1,0.0,1615.9223319201883,6279.925456144696,38102.04754540155,294441.06575260777,True,high_median;high_p95;high_p99
213,ear_strict_main,EL3,0.0,1609.9934999351572,6216.299709105334,38186.897229667324,294630.6204401292,True,high_median;high_p95;high_p99
213,ear_strict_main,EL4,0.0,1607.8604759405425,6209.388803522781,38068.187237007034,294170.79528929014,True,high_median;high_p95;high_p99
213,ear_strict_main,EL5,0.0,1608.3098999394078,6213.271997112977,38198.757430597376,294149.83196134306,True,high_median;high_p95;high_p99
213,ear_strict_main,ER1,0.0,1617.308347916689,6214.413782710094,38078.29234802152,294517.4643444149,True,high_median;high_p95;high_p99
213,ear_strict_main,ER2,0.0,1616.7256439181601,6233.206518662649,38133.218796522844,294837.18991160765,True,high_median;high_p95;high_p99
213,ear_strict_main,ER3,0.0,1619.7170839106075,6227.432073877228,38195.66615892518,294795.5499757128,True,high_median;high_p95;high_p99
213,ear_strict_main,ER4,0.0,1613.0716599273856,6226.52356827952,38119.35858535784,294330.5884408867,True,high_median;high_p95;high_p99
214,scalp_main,O1,0.0,42.850101391813894,60.94369474613194,71.04474241062925,73.6224798141211,False,
214,scalp_main,Pz,0.0,22.205299443937008,36.39386438311432,45.24277985577296,47.26896288065734,False,
214,scalp_main,P3,0.0,23.045558441815558,38.39873065305252,49.21493878574422,53.34678186531232,False,
214,scalp_main,P7,0.0,35.28139491092304,54.80151766163946,65.19517434539799,77.58014780412896,False,
214,scalp_main,CP1,0.0,19.626903450446832,31.816307169671536,40.393719238015656,44.76701588697415,False,
214,scalp_main,CP5,0.0,22.088821194231087,36.49694365785407,44.40904283787794,50.65152687211719,False,
214,scalp_main,TP7,0.0,31.531798420389862,48.70696407702671,56.81125808656529,66.77250683141563,False,
214,scalp_main,Cz,100.0,,,,,True,all_nan
214,scalp_main,C3,0.0,19.856180199867964,30.37680412330592,37.13836484123464,41.02648989641807,False,
214,scalp_main,T7,0.0,35.55496091023235,51.106417820968694,55.51118437984769,82.22252779240807,False,
214,scalp_main,FC1,0.0,81.35763479459172,222.82996383740834,288.16510743245306,317.62896319806396,False,
214,scalp_main,FC5,100.0,,,,,True,all_nan
214,scalp_main,F3,100.0,,,,,True,all_nan
214,scalp_main,F7,0.0,38.91503690174898,58.83244135146232,73.46713522451329,117.88071220237981,False,
214,scalp_main,Fp1,0.0,41.34598289561143,206.88290827767082,233.34959717084885,278.45062729697975,False,
214,scalp_main,O2,0.0,43.74411238955673,63.99711426342277,73.82811274360192,85.18311378493331,False,
214,scalp_main,P4,0.0,24.937829687038032,39.85961869936411,46.44184660274559,57.55682785468298,False,
214,scalp_main,P8,0.0,34.999147911635646,55.873127108933915,63.37114544000323,73.13931681534098,False,
214,scalp_main,CP2,0.0,19.968154949585255,33.216310241136874,39.89608203927207,44.3927408879191,False,
214,scalp_main,CP6,0.0,21.91025644468192,37.867465654393826,45.75056917449091,58.05113185343498,False,
214,scalp_main,TP8,0.0,28.62776942772183,45.7893028843931,52.698165981949906,63.51907983962974,False,
214,scalp_main,C4,0.0,19.292151451292,29.730833074936854,34.43640918305642,42.01704189391717,False,
214,scalp_main,T8,0.0,35.46358991046304,51.40494877021497,58.71238801176547,72.77425181626268,False,
214,scalp_main,Fc2,0.0,24.134179189067055,34.58117766269092,38.94419746167535,46.77526388190381,False,
214,scalp_main,FC6,0.0,27.20253893132019,38.15295815367304,44.47680814770685,91.26058576958917,False,
214,scalp_main,Fz,0.0,27.227251931257797,38.92801610171619,45.39927374537781,66.29485183262159,False,
214,scalp_main,F4,0.0,28.379869428347718,45.02775708631584,52.705577186931194,67.10155383058486,False,
214,scalp_main,F8,0.0,31.510785170442915,49.016523126245175,56.99383305610439,72.29981681746051,False,
214,scalp_main,Fp2,0.0,38.290529403325706,151.92936276641515,177.25504634247403,215.82641945509067,False,
214,scalp_main,Fpz,0.0,42.97214239150577,157.74675470172772,174.23857565008984,209.66356747065038,False,
214,ear_full_main,Fpz,0.0,46.9012618815857,178.05198865046188,199.80049470555218,233.01103941170368,False,
214,ear_full_main,M1,0.0,21.985022444493154,34.07499256396891,38.29667563331019,47.71827887952293,False,
214,ear_full_main,M2,0.0,29.05795692663571,40.8969537467451,46.114427643572206,64.81015883637008,False,
214,ear_full_main,EL1,0.0,46.74538388197925,64.4960526371631,75.77417524868852,88.71883877600646,False,
214,ear_full_main,EL3,0.0,22.676534692747254,33.27940429097757,40.72566317717758,46.69617588210349,False,
214,ear_full_main,EL4,0.0,24.21662118885891,36.24857220848114,43.73581004457768,63.61593983938519,False,
214,ear_full_main,EL5,0.0,23.02014969187971,39.42630895045811,72.9201889858941,182.29390453975213,False,
214,ear_full_main,ER1,0.0,31.518187920424225,45.08929883616044,63.21427410039926,81.94410379311103,False,
214,ear_full_main,ER2,0.0,25.04166693677587,36.0812450589036,43.37690261048384,53.89896686391819,False,
214,ear_full_main,ER3,0.0,22.403299193437107,34.23266326357083,42.55309904256374,46.90887188156648,False,
214,ear_full_main,ER4,0.0,21.584681695503917,34.68184011243677,43.00517181142238,59.336473850189805,False,
214,ear_strict_main,M1,0.0,21.985022444493154,34.07499256396891,38.29667563331019,47.71827887952293,False,
214,ear_strict_main,M2,0.0,29.05795692663571,40.8969537467451,46.114427643572206,64.81015883637008,False,
214,ear_strict_main,EL1,0.0,46.74538388197925,64.4960526371631,75.77417524868852,88.71883877600646,False,
214,ear_strict_main,EL3,0.0,22.676534692747254,33.27940429097757,40.72566317717758,46.69617588210349,False,
214,ear_strict_main,EL4,0.0,24.21662118885891,36.24857220848114,43.73581004457768,63.61593983938519,False,
214,ear_strict_main,EL5,0.0,23.02014969187971,39.42630895045811,72.9201889858941,182.29390453975213,False,
214,ear_strict_main,ER1,0.0,31.518187920424225,45.08929883616044,63.21427410039926,81.94410379311103,False,
214,ear_strict_main,ER2,0.0,25.04166693677587,36.0812450589036,43.37690261048384,53.89896686391819,False,
214,ear_strict_main,ER3,0.0,22.403299193437107,34.23266326357083,42.55309904256374,46.90887188156648,False,
214,ear_strict_main,ER4,0.0,21.584681695503917,34.68184011243677,43.00517181142238,59.336473850189805,False,
215,scalp_main,O1,0.0,40.48309439779001,76.75756080620577,95.49879869888866,112.46226371606008,False,
215,scalp_main,Pz,0.0,23.490765690691518,48.13018262848294,66.86478187118264,86.82926378077718,False,
215,scalp_main,P3,0.0,24.61152193786188,52.63107106711932,70.90148356099095,93.30261976443353,False,
215,scalp_main,P7,0.0,33.125273416366724,63.70049243917169,80.9106668557202,108.99477172481465,False,
215,scalp_main,CP1,0.0,20.71332144770389,40.802509646983545,56.18127665815591,69.8460418236557,False,
215,scalp_main,CP5,0.0,25.61734943532241,48.05299292867779,66.70991997157364,89.67831577358402,False,
215,scalp_main,TP7,0.0,25.814450684824777,48.933193126455535,66.66202772169456,89.74301977342066,False,
215,scalp_main,Cz,100.0,,,,,True,all_nan
215,scalp_main,C3,0.0,21.55880119556926,37.046274106467095,45.33567794553838,57.94531585370214,False,
215,scalp_main,T7,0.0,32.807452917169144,54.327219512836955,71.76560201880925,92.92077976539758,False,
215,scalp_main,FC1,0.0,23.22871244135314,32.8179660671426,37.3601032956748,47.01648338129479,False,
215,scalp_main,FC5,0.0,25.768981184939577,42.473938142763544,53.35552550529024,58.142703853203784,False,
215,scalp_main,F3,0.0,27.020990931778556,49.944529423902154,62.80839686142404,74.42161181210349,False,
215,scalp_main,F7,0.0,35.405000910610966,67.61057427929966,93.74721680331102,101.22227574443832,False,
215,scalp_main,Fp1,0.0,32.217043418659784,186.2756071796992,285.3494636795617,374.65071905409786,False,
215,scalp_main,O2,0.0,46.23282088327335,78.99667280055257,105.09607005465789,151.4775676175559,False,
215,scalp_main,P4,0.0,30.551956672863724,55.229623610558555,74.30173061240616,88.1064097775527,False,
215,scalp_main,P8,0.0,43.90222888915753,77.3303079047597,95.4370548790446,107.24335172923657,False,
215,scalp_main,CP2,0.0,21.238019946379154,44.474965487711486,56.456061407462144,65.27960983518483,False,
215,scalp_main,CP6,0.0,25.92861443453654,47.216234780790465,68.31999534750857,78.08657980285034,False,
215,scalp_main,TP8,0.0,31.01479917169516,57.60668985455708,85.80037090337488,107.78638372786554,False,
215,scalp_main,C4,0.0,23.094435191692156,35.86034908446131,44.809822746866054,79.50557879926771,False,
215,scalp_main,T8,0.0,27.851839929680864,57.557398004681524,65.95321471348414,123.3460716885811,False,
215,scalp_main,Fc2,0.0,23.909052939635444,33.41261586564125,40.09091134878017,58.69691385180454,False,
215,scalp_main,FC6,0.0,23.873852939724316,40.67164384731395,50.49785044250517,61.77158184404175,False,
215,scalp_main,Fz,0.0,27.40072443081982,46.639303682247075,68.62569790673675,81.09442379525626,False,
215,scalp_main,F4,0.0,43.50157189016909,75.86510710845901,104.59892421591309,121.93797169213622,False,
215,scalp_main,F8,0.0,32.99536241669472,81.26324879483,117.89395268234638,118.65862370041577,False,
215,scalp_main,Fp2,0.0,38.83117440196071,232.54377701288226,367.0972453931684,487.39380676944893,False,
215,scalp_main,Fpz,0.0,33.80410991465283,190.31617681949706,296.7518590907734,393.5960790062654,False,
215,ear_full_main,Fpz,0.0,11723.279842401564,63557.3175739332,63733.28247076893,63885.44495870476,True,high_median;high_p95;high_p99
215,ear_full_main,M1,0.0,11721.305954406547,63571.90046029638,63734.4809808459,63904.188254657434,True,high_median;high_p95;high_p99
215,ear_full_main,M2,0.0,11718.03357041481,63535.87511638734,63697.05031982041,63868.04719874868,True,high_median;high_p95;high_p99
215,ear_full_main,EL1,0.0,11725.824482395139,63719.56853032355,63924.008122767395,64056.301406273386,True,high_median;high_p95;high_p99
215,ear_full_main,EL3,0.0,11708.069922439965,63753.99674143663,63955.30830060837,64090.1589421879,True,high_median;high_p95;high_p99
215,ear_full_main,EL4,0.0,11704.42025844918,63641.05374012179,63846.08530696413,63977.61110247206,True,high_median;high_p95;high_p99
215,ear_full_main,EL5,0.0,11711.804130430537,63541.445061973274,63736.15479076168,63874.973534731194,True,high_median;high_p95;high_p99
215,ear_full_main,ER1,0.0,11463.373347057764,62209.69466533562,62437.23532908114,62614.12233791454,True,high_median;high_p95;high_p99
215,ear_full_main,ER2,0.0,11756.193378318465,64060.75590866214,64261.99038111407,64401.56553340168,True,high_median;high_p95;high_p99
215,ear_full_main,ER3,0.0,11740.705186357569,63888.06972669813,64090.64642762667,64227.59407784091,True,high_median;high_p95;high_p99
215,ear_full_main,ER4,0.0,11724.276322399048,63647.27198010609,63839.07422474183,63970.97763048881,True,high_median;high_p95;high_p99
215,ear_strict_main,M1,0.0,11721.305954406547,63571.90046029638,63734.4809808459,63904.188254657434,True,high_median;high_p95;high_p99
215,ear_strict_main,M2,0.0,11718.03357041481,63535.87511638734,63697.05031982041,63868.04719874868,True,high_median;high_p95;high_p99
215,ear_strict_main,EL1,0.0,11725.824482395139,63719.56853032355,63924.008122767395,64056.301406273386,True,high_median;high_p95;high_p99
215,ear_strict_main,EL3,0.0,11708.069922439965,63753.99674143663,63955.30830060837,64090.1589421879,True,high_median;high_p95;high_p99
215,ear_strict_main,EL4,0.0,11704.42025844918,63641.05374012179,63846.08530696413,63977.61110247206,True,high_median;high_p95;high_p99
215,ear_strict_main,EL5,0.0,11711.804130430537,63541.445061973274,63736.15479076168,63874.973534731194,True,high_median;high_p95;high_p99
215,ear_strict_main,ER1,0.0,11463.373347057764,62209.69466533562,62437.23532908114,62614.12233791454,True,high_median;high_p95;high_p99
215,ear_strict_main,ER2,0.0,11756.193378318465,64060.75590866214,64261.99038111407,64401.56553340168,True,high_median;high_p95;high_p99
215,ear_strict_main,ER3,0.0,11740.705186357569,63888.06972669813,64090.64642762667,64227.59407784091,True,high_median;high_p95;high_p99
215,ear_strict_main,ER4,0.0,11724.276322399048,63647.27198010609,63839.07422474183,63970.97763048881,True,high_median;high_p95;high_p99
