subject_id,modality,channel,n_nan,nan_pct,finite_min,finite_max,finite_std
200,ear_full_sens,Fpz,0,0.0,-192.32148751443492,218.28908744887303,38.60572116340488
200,ear_full_sens,M1,0,0.0,-50.737219871900834,42.043151893851245,8.570489817700334
200,ear_full_sens,M2,0,0.0,-43.677847889724035,53.20102386568033,7.909778410949497
200,ear_full_sens,EL1,0,0.0,-98.34319175170731,152.6112636146936,16.097731839203703
200,ear_full_sens,EL3,0,0.0,-152.57841561477653,284.489119281734,21.51861384343339
200,ear_full_sens,EL4,0,0.0,-60.13352384817745,35.36830391070362,6.591991324424639
200,ear_full_sens,EL5,0,0.0,-71.42042381968076,79.49065579930539,8.61668971656225
200,ear_full_sens,ER1,0,0.0,-84.11575978762812,141.19719964351134,10.652125682084222
200,ear_full_sens,ER2,0,0.0,-35.27856791093018,41.132687896149946,7.037016429062008
200,ear_full_sens,ER3,0,0.0,-83.04719979032598,130.22064767122447,13.371254443986368
200,ear_full_sens,ER4,0,0.0,-167.48526357714036,91.9642477678126,15.967160481430314
200,ear_strict_sens,M1,0,0.0,-50.737219871900834,42.043151893851245,8.570489817700334
200,ear_strict_sens,M2,0,0.0,-43.677847889724035,53.20102386568033,7.909778410949497
200,ear_strict_sens,EL1,0,0.0,-98.34319175170731,152.6112636146936,16.097731839203703
200,ear_strict_sens,EL3,0,0.0,-152.57841561477653,284.489119281734,21.51861384343339
200,ear_strict_sens,EL4,0,0.0,-60.13352384817745,35.36830391070362,6.591991324424639
200,ear_strict_sens,EL5,0,0.0,-71.42042381968076,79.49065579930539,8.61668971656225
200,ear_strict_sens,ER1,0,0.0,-84.11575978762812,141.19719964351134,10.652125682084222
200,ear_strict_sens,ER2,0,0.0,-35.27856791093018,41.132687896149946,7.037016429062008
200,ear_strict_sens,ER3,0,0.0,-83.04719979032598,130.22064767122447,13.371254443986368
200,ear_strict_sens,ER4,0,0.0,-167.48526357714036,91.9642477678126,15.967160481430314
200,scalp_sens,O1,0,0.0,-59.08038385083637,72.95549581580508,11.146930747504902
200,scalp_sens,Pz,0,0.0,-46.801751881836935,42.16259189354969,8.138966710945645
200,scalp_sens,P3,0,0.0,-45.17307188594896,44.24422388829407,8.407195303907573
200,scalp_sens,P7,0,0.0,-62.422623842398025,61.23596784539404,10.849257055668021
200,scalp_sens,CP1,0,0.0,-41.11789989618728,28.853963927150744,6.572481556980084
200,scalp_sens,CP5,0,0.0,-41.8602998943129,34.78925991216556,7.30760962279848
200,scalp_sens,TP7,0,0.0,-51.94991986883906,43.07648389124233,9.242902423010682
200,scalp_sens,Cz,0,0.0,-33.9000119144107,24.756465937495932,5.473620107825434
200,scalp_sens,C3,0,0.0,-31.801327919709365,27.304157931063628,5.338956963030198
200,scalp_sens,T7,0,0.0,-54.64487986203494,48.570579877371074,9.642053462032477
200,scalp_sens,FC1,0,0.0,-23.95247193952582,18.954267952145074,4.338394263228241
200,scalp_sens,FC5,0,0.0,-34.742671912283186,27.109091931556122,4.8930414270894325
200,scalp_sens,F3,0,0.0,-72.22303981765435,43.58883188994878,8.80016518180728
200,scalp_sens,F7,0,0.0,-83.29942378968917,56.32201585780058,9.29148079407804
200,scalp_sens,Fp1,0,0.0,-186.16255952998472,191.66276751609803,34.723228725557036
200,scalp_sens,O2,0,0.0,-57.33571985524122,64.83643583630374,10.91216342449666
200,scalp_sens,P4,0,0.0,-45.030943886307796,49.71757987447518,8.309704609521603
200,scalp_sens,P8,0,0.0,-70.28895182253746,65.96775583344743,10.334998527286862
200,scalp_sens,CP2,0,0.0,-41.954711894074535,35.951627909230865,6.2666087498062115
200,scalp_sens,CP6,0,0.0,-37.3763439056338,50.178603873311204,6.811622430429399
200,scalp_sens,TP8,0,0.0,-49.3908078753002,54.43559186256334,9.103396639759017
200,scalp_sens,C4,0,0.0,-27.71469993002711,36.242831908495646,4.765310051108443
200,scalp_sens,T8,0,0.0,-57.0248478560261,70.24985582263616,11.237081866657222
200,scalp_sens,Fc2,0,0.0,-20.409259948471572,16.389425958620677,4.3715335133191875
200,scalp_sens,FC6,0,0.0,-36.47259590791555,42.35997189305135,5.347002626987987
200,scalp_sens,Fz,0,0.0,-48.98831987631638,36.645959907477845,7.15170306905161
200,scalp_sens,F4,0,0.0,-42.46052389279748,46.668883882172395,8.16418110102055
200,scalp_sens,F8,0,0.0,-50.24188787315143,65.44446383476861,10.37001804164704
200,scalp_sens,Fp2,0,0.0,-153.62492761213434,205.8712314802251,35.83011491447133
200,scalp_sens,Fpz,0,0.0,-156.22553560556844,182.39441553949837,32.613201089828834
201,ear_full_sens,Fpz,0,0.0,-382.15014303516364,423.97091092957635,32.60574307587919
201,ear_full_sens,M1,0,0.0,-386.98700702295173,365.3235510776467,26.421381843804273
201,ear_full_sens,M2,0,0.0,-330.590591165339,361.5429430871918,25.958184539140223
201,ear_full_sens,EL1,0,0.0,-357.5457270972838,401.9407349851972,26.87981174719827
201,ear_full_sens,EL3,0,0.0,-790.9555820030291,696.9165422404549,59.736303327125185
201,ear_full_sens,EL4,0,0.0,-384.2750710297987,552.9183986040152,30.072743418085782
201,ear_full_sens,EL5,0,0.0,-340.9550711391712,601.5135984813242,37.513880025870805
201,ear_full_sens,ER1,0,0.0,-292.06095926261696,388.1312950200627,25.288509068914614
201,ear_full_sens,ER2,0,0.0,-385.9193910256472,356.49555109993526,26.586259996391643
201,ear_full_sens,ER4,0,0.0,-332.38796716080105,467.65091081929495,25.301057087029083
201,ear_strict_sens,M1,0,0.0,-386.98700702295173,365.3235510776467,26.421381843804273
201,ear_strict_sens,M2,0,0.0,-330.590591165339,361.5429430871918,25.958184539140223
201,ear_strict_sens,EL1,0,0.0,-357.5457270972838,401.9407349851972,26.87981174719827
201,ear_strict_sens,EL3,0,0.0,-790.9555820030291,696.9165422404549,59.736303327125185
201,ear_strict_sens,EL4,0,0.0,-384.2750710297987,552.9183986040152,30.072743418085782
201,ear_strict_sens,EL5,0,0.0,-340.9550711391712,601.5135984813242,37.513880025870805
201,ear_strict_sens,ER1,0,0.0,-292.06095926261696,388.1312950200627,25.288509068914614
201,ear_strict_sens,ER2,0,0.0,-385.9193910256472,356.49555109993526,26.586259996391643
201,ear_strict_sens,ER4,0,0.0,-332.38796716080105,467.65091081929495,25.301057087029083
201,scalp_sens,O1,0,0.0,-43.3447998905649,47.65537187968175,8.641919859703533
201,scalp_sens,Pz,0,0.0,-126.2464316812584,67.77798382887704,8.123826488519324
201,scalp_sens,P3,0,0.0,-44.913467886604394,40.5378758976517,5.616077326027931
201,scalp_sens,P7,0,0.0,-57.18442385562321,51.68063986951893,7.388715595547628
201,scalp_sens,CP1,0,0.0,-32.365021918286175,46.977447881393346,4.990468934068463
201,scalp_sens,Cz,0,0.0,-39.176519901088795,24.747133937519493,4.663433389089454
201,scalp_sens,C3,0,0.0,-50.599435872248705,55.29165586040199,5.328590824417434
201,scalp_sens,FC1,0,0.0,-41.20673989596298,58.52874785222912,5.429208558919571
201,scalp_sens,FC5,0,0.0,-130.49154367054052,45.01333588635225,6.6129693336191115
201,scalp_sens,F3,0,0.0,-109.32391172398366,118.3069357013037,14.516279208127042
201,scalp_sens,F7,0,0.0,-211.09532746703553,77.03919180549474,11.879466552695275
201,scalp_sens,Fp1,0,0.0,-124.72688768509488,178.10742355032198,17.959527473706768
201,scalp_sens,O2,0,0.0,-44.77152388696277,52.80290786668547,8.646008989112676
201,scalp_sens,P4,0,0.0,-54.63187586206777,42.72607189212704,6.326955087818755
201,scalp_sens,P8,0,0.0,-52.85986386654167,43.89733588916988,7.73630700522439
201,scalp_sens,CP2,0,0.0,-57.18768785561497,29.93520592442087,4.70328479638542
201,scalp_sens,CP6,0,0.0,-78.23571180247382,96.09356775738706,6.643507032913192
201,scalp_sens,TP8,0,0.0,-87.03502378025769,36.36664390818305,6.753956878395568
201,scalp_sens,C4,0,0.0,-93.05411176506095,47.26878788065778,4.315716775258557
201,scalp_sens,T8,0,0.0,-155.59308760716522,81.76628779355997,7.900529899306486
201,scalp_sens,Fc2,0,0.0,-42.6901638922177,28.54068792794169,3.9575043703319523
201,scalp_sens,FC6,0,0.0,-168.3671515749138,52.65849186705009,7.176117579866158
201,scalp_sens,Fz,0,0.0,-45.36655988546045,38.369543903126214,5.645622134845882
201,scalp_sens,F4,0,0.0,-89.13603977495313,46.40245988284505,8.156947630123183
201,scalp_sens,F8,0,0.0,-74.63395981156737,111.02818371968078,10.452585762069019
201,scalp_sens,Fp2,0,0.0,-123.10364768919317,286.7080312761318,20.920173854233504
201,scalp_sens,Fpz,0,0.0,-100.85379974536863,176.1909115551607,15.81596274121372
202,ear_full_sens,Fpz,0,0.0,-326.4540791757827,384.70694302870834,53.996128009155285
202,ear_full_sens,M1,0,0.0,-327.7299511725614,267.2349113252967,26.180075100714
202,ear_full_sens,M2,0,0.0,-310.2058872168054,277.53478329929203,25.88409513742964
202,ear_full_sens,EL1,0,0.0,-250.05174336868004,308.55295922097866,23.893781704001253
202,ear_full_sens,EL3,0,0.0,-343.1523511336236,299.66633524341523,24.437964860029236
202,ear_full_sens,EL5,0,0.0,-303.5072632337178,257.18435135067193,24.772969002412385
202,ear_full_sens,ER1,0,0.0,-217.76926345018546,476.9320947958622,34.019244065819834
202,ear_full_sens,ER2,0,0.0,-315.1327352043663,270.9586873158951,26.228476049943502
202,ear_full_sens,ER3,0,0.0,-307.2523832242623,321.00124718954976,27.545409669979797
202,ear_full_sens,ER4,0,0.0,-305.94902322755297,241.4174233904796,22.790520049174255
202,ear_strict_sens,M1,0,0.0,-327.7299511725614,267.2349113252967,26.180075100714
202,ear_strict_sens,M2,0,0.0,-310.2058872168054,277.53478329929203,25.88409513742964
202,ear_strict_sens,EL1,0,0.0,-250.05174336868004,308.55295922097866,23.893781704001253
202,ear_strict_sens,EL3,0,0.0,-343.1523511336236,299.66633524341523,24.437964860029236
202,ear_strict_sens,EL5,0,0.0,-303.5072632337178,257.18435135067193,24.772969002412385
202,ear_strict_sens,ER1,0,0.0,-217.76926345018546,476.9320947958622,34.019244065819834
202,ear_strict_sens,ER2,0,0.0,-315.1327352043663,270.9586873158951,26.228476049943502
202,ear_strict_sens,ER3,0,0.0,-307.2523832242623,321.00124718954976,27.545409669979797
202,ear_strict_sens,ER4,0,0.0,-305.94902322755297,241.4174233904796,22.790520049174255
202,scalp_sens,O1,0,0.0,-70.32961582243479,62.843471841335486,14.09389477988477
202,scalp_sens,Pz,0,0.0,-51.14304387087623,49.91985987396447,10.083056695708775
202,scalp_sens,P3,0,0.0,-284.59910328145634,337.3766711482058,67.21473928487916
202,scalp_sens,P7,0,0.0,-73.30803981491499,59.28642385031617,12.820281499014914
202,scalp_sens,CP1,0,0.0,-49.497551875030695,40.000675899008,8.391403072266964
202,scalp_sens,CP5,0,0.0,-116.45045570599086,56.92381585628118,10.253499053062134
202,scalp_sens,TP7,0,0.0,-122.38102369101762,59.538259849680344,10.463352278830858
202,scalp_sens,Cz,0,0.0,-41.27781989578352,32.56112591779106,7.560924004754305
202,scalp_sens,C3,0,0.0,-49.0344558761999,49.34373187541905,6.729828433327359
202,scalp_sens,T7,0,0.0,-177.38686355214122,121.44303169338582,10.528505778247874
202,scalp_sens,FC1,0,0.0,-49.01265587625494,47.82985587924122,6.748949960939925
202,scalp_sens,F3,0,0.0,-81.99198379299014,88.71159177602476,12.20775225193756
202,scalp_sens,F7,0,0.0,-101.57675174354335,114.02780771210746,14.567280890344254
202,scalp_sens,Fp1,0,0.0,-196.43427150405114,212.87068746255318,42.12991853000394
202,scalp_sens,O2,0,0.0,-60.90081184624023,69.36717582486472,13.970636557641983
202,scalp_sens,P4,0,0.0,-51.28539187051683,51.81105186918967,10.522554860109869
202,scalp_sens,P8,0,0.0,-67.00974383081666,66.17485983292454,13.924237553444796
202,scalp_sens,CP2,0,0.0,-43.9503238890361,39.587323900051615,8.21917248902304
202,scalp_sens,CP6,0,0.0,-54.70395986188578,44.93517988654958,10.062765523292935
202,scalp_sens,TP8,0,0.0,-54.312739862873514,44.98027988643571,10.083873270027539
202,scalp_sens,C4,0,0.0,-41.892119894232565,34.02514391409477,7.1953400306895
202,scalp_sens,T8,0,0.0,-57.14403585572518,46.577939882402006,10.161866282668836
202,scalp_sens,Fc2,0,0.0,-36.94665590671866,33.221567916123604,7.219421989234307
202,scalp_sens,FC6,0,0.0,-93.15550376480496,38.638955902446014,6.987387235703623
202,scalp_sens,Fz,0,0.0,-43.408839890403215,43.89602388917319,9.466207613245524
202,scalp_sens,F4,0,0.0,-48.02552387874721,45.99119988388338,9.641715131848219
202,scalp_sens,F8,0,0.0,-105.65778373323974,86.68506378114125,10.827805597319779
202,scalp_sens,Fp2,0,0.0,-199.93713549520726,209.90003147005336,41.783888961837754
202,scalp_sens,Fpz,0,0.0,-192.5002075139837,206.41055947886343,40.99310686682688
203,ear_full_sens,Fpz,0,0.0,-115.96395970721915,114.41192771113765,16.448669376177758
203,ear_full_sens,M1,0,0.0,-80.27707979731986,105.27807173419842,8.161681441776036
203,ear_full_sens,M2,0,0.0,-58.48504785233945,87.29509577960107,6.292285646445693
203,ear_full_sens,EL1,0,0.0,-202.9969754874819,134.2039836611675,12.71809950227548
203,ear_full_sens,EL3,0,0.0,-65.48134783467549,65.87969983366975,6.6519368520198086
203,ear_full_sens,EL4,0,0.0,-480.89135878586603,407.19868697192214,28.805946063374073
203,ear_full_sens,EL5,0,0.0,-75.33006380980987,64.26400783774898,6.211119051353812
203,ear_full_sens,ER1,0,0.0,-53.02269186613057,89.70991177350425,8.736128587958465
203,ear_full_sens,ER2,0,0.0,-60.28291984780026,73.2479118150668,7.439254649195636
203,ear_full_sens,ER3,0,0.0,-63.852859838787026,93.73452776334307,7.144680834164419
203,ear_full_sens,ER4,0,0.0,-50.57417187231249,89.92817577295318,6.598369847318295
203,ear_strict_sens,M1,0,0.0,-80.27707979731986,105.27807173419842,8.161681441776036
203,ear_strict_sens,M2,0,0.0,-58.48504785233945,87.29509577960107,6.292285646445693
203,ear_strict_sens,EL1,0,0.0,-202.9969754874819,134.2039836611675,12.71809950227548
203,ear_strict_sens,EL3,0,0.0,-65.48134783467549,65.87969983366975,6.6519368520198086
203,ear_strict_sens,EL4,0,0.0,-480.89135878586603,407.19868697192214,28.805946063374073
203,ear_strict_sens,EL5,0,0.0,-75.33006380980987,64.26400783774898,6.211119051353812
203,ear_strict_sens,ER1,0,0.0,-53.02269186613057,89.70991177350425,8.736128587958465
203,ear_strict_sens,ER2,0,0.0,-60.28291984780026,73.2479118150668,7.439254649195636
203,ear_strict_sens,ER3,0,0.0,-63.852859838787026,93.73452776334307,7.144680834164419
203,ear_strict_sens,ER4,0,0.0,-50.57417187231249,89.92817577295318,6.598369847318295
203,scalp_sens,O1,0,0.0,-54.03771986356787,60.81403984645931,12.430188862926041
203,scalp_sens,Pz,0,0.0,-45.57273188493991,48.319283878005535,8.066264499276489
203,scalp_sens,P3,0,0.0,-50.935099871401235,50.115111873471506,8.946092623148678
203,scalp_sens,P7,0,0.0,-77.25664780494571,69.82274382371452,11.588972784441
203,scalp_sens,CP1,0,0.0,-41.092287896251946,40.01169589898018,6.646148170852791
203,scalp_sens,CP5,0,0.0,-43.29024789070263,43.53613989008181,7.186415643513444
203,scalp_sens,TP7,0,0.0,-69.88625582355417,58.12868385323918,9.933748479724816
203,scalp_sens,Cz,0,0.0,-40.96980389656119,53.71183586439065,7.3805309739980824
203,scalp_sens,C3,0,0.0,-35.04012391153219,38.840103901938164,6.073717431490353
203,scalp_sens,T7,0,0.0,-97.27025575441621,109.92554372246468,10.935913343871107
203,scalp_sens,FC5,0,0.0,-51.63314786963883,36.13237590877452,6.577182457382771
203,scalp_sens,F3,0,0.0,-56.04051985851129,40.70766789722302,8.110133639421528
203,scalp_sens,F7,0,0.0,-73.88081581346887,60.27555184781886,8.580716425895421
203,scalp_sens,Fp1,0,0.0,-90.95704777035553,114.19944771167411,15.031716850383036
203,scalp_sens,O2,0,0.0,-54.063827863501956,72.42575181714255,11.431934345395582
203,scalp_sens,P4,0,0.0,-44.14417188854668,54.334551862818444,8.362312247785345
203,scalp_sens,P8,0,0.0,-46.8920718816089,59.47307184984493,10.075134163434484
203,scalp_sens,CP2,0,0.0,-149.1069276235412,208.09551947460932,24.039330577028746
203,scalp_sens,CP6,0,0.0,-35.1873039111606,33.604051915157925,6.330266834989226
203,scalp_sens,TP8,0,0.0,-52.2736198680218,46.64089588224306,8.483521468878038
203,scalp_sens,C4,0,0.0,-50.64818787212562,32.332119918369244,5.5949824606059755
203,scalp_sens,T8,0,0.0,-139.26119964839927,214.69745545794103,13.825334367753763
203,scalp_sens,Fc2,0,0.0,-36.75630790719924,38.06231590390189,7.021549745248332
203,scalp_sens,FC6,0,0.0,-41.6670558948008,35.66420790995653,7.315532673636554
203,scalp_sens,Fz,0,0.0,-56.176735858167376,42.06726789379036,8.451705038707786
203,scalp_sens,F4,0,0.0,-59.81538784898066,65.36924383495852,12.971176745986403
203,scalp_sens,F8,0,0.0,-42.402283892944524,56.12733185829211,8.131791397139818
203,scalp_sens,Fp2,0,0.0,-82.8516077908198,126.12167168157339,15.490295382559085
203,scalp_sens,Fpz,0,0.0,-74.74503181128694,92.68856776598386,13.658952120099201
205,ear_full_sens,Fpz,0,0.0,-88.58006377635684,129.51291167301133,15.904242623213891
205,ear_full_sens,M1,0,0.0,-75.00470381063133,54.16584386324439,8.181540760976906
205,ear_full_sens,M2,0,0.0,-76.23731180751929,49.593223874789146,8.944970943395248
205,ear_full_sens,EL1,0,0.0,-176.21211155510719,529.7781106624388,15.450535126218329
205,ear_full_sens,EL3,0,0.0,-76.63023180652726,43.341723890572666,7.100635295304288
205,ear_full_sens,EL4,0,0.0,-89.49148777405571,46.424463882789496,7.302530802139351
205,ear_full_sens,EL5,0,0.0,-73.85872781352464,60.226455847942816,7.330742939191196
205,ear_full_sens,ER1,0,0.0,-174.91267155838796,222.986975437012,12.558389643101235
205,ear_full_sens,ER2,0,0.0,-243.2290073859058,363.62745508192893,20.642848569735865
205,ear_full_sens,ER3,0,0.0,-79.25802379989273,64.77456383645995,7.520194951978014
205,ear_full_sens,ER4,0,0.0,-65.55042783450108,54.927083861322444,8.13967913854355
205,ear_strict_sens,M1,0,0.0,-75.00470381063133,54.16584386324439,8.181540760976906
205,ear_strict_sens,M2,0,0.0,-76.23731180751929,49.593223874789146,8.944970943395248
205,ear_strict_sens,EL1,0,0.0,-176.21211155510719,529.7781106624388,15.450535126218329
205,ear_strict_sens,EL3,0,0.0,-76.63023180652726,43.341723890572666,7.100635295304288
205,ear_strict_sens,EL4,0,0.0,-89.49148777405571,46.424463882789496,7.302530802139351
205,ear_strict_sens,EL5,0,0.0,-73.85872781352464,60.226455847942816,7.330742939191196
205,ear_strict_sens,ER1,0,0.0,-174.91267155838796,222.986975437012,12.558389643101235
205,ear_strict_sens,ER2,0,0.0,-243.2290073859058,363.62745508192893,20.642848569735865
205,ear_strict_sens,ER3,0,0.0,-79.25802379989273,64.77456383645995,7.520194951978014
205,ear_strict_sens,ER4,0,0.0,-65.55042783450108,54.927083861322444,8.13967913854355
205,scalp_sens,O1,0,0.0,-206.76595147796615,631.2647664062097,46.998510456967516
205,scalp_sens,Pz,0,0.0,-202.12743948967727,623.8935024248203,46.351291676317054
205,scalp_sens,P3,0,0.0,-203.39121548648654,618.4221424386342,46.59050417675775
205,scalp_sens,P7,0,0.0,-199.09543949733234,619.3085424363962,46.576726401399654
205,scalp_sens,CP1,0,0.0,-199.38796749659377,611.3251824565523,45.87674205050696
205,scalp_sens,CP5,0,0.0,-200.1854554945803,621.3039984313582,46.60573177277543
205,scalp_sens,TP7,0,0.0,-200.10227149479033,620.195070434158,46.54036404425469
205,scalp_sens,Cz,0,0.0,-192.03843151514957,611.388286456393,45.800158865167965
205,scalp_sens,C3,0,0.0,-195.46887950648852,613.6417264507036,45.9690555971531
205,scalp_sens,T7,0,0.0,-227.5590554254686,613.6743024506213,46.53335300914536
205,scalp_sens,FC1,0,0.0,-194.69009550845476,606.4363504688954,45.99758080782745
205,scalp_sens,FC5,0,0.0,-211.23140746669196,608.5953264634445,46.42284196290081
205,scalp_sens,F3,0,0.0,-199.30947149679196,602.6568304784378,46.39523273776733
205,scalp_sens,F7,0,0.0,-211.5520154658825,586.29791851974,48.727101664388165
205,scalp_sens,Fp1,0,0.0,-612.267966454172,741.8042221271244,60.65561269593036
205,scalp_sens,O2,0,0.0,-195.17167950723888,630.2017264088936,47.05112001852765
205,scalp_sens,P4,0,0.0,-202.1748794895575,623.4711664258866,46.365913646181696
205,scalp_sens,P8,0,0.0,-191.97737551530372,628.0837744142409,47.101361176285295
205,scalp_sens,CP6,0,0.0,-191.8452475156373,627.7127024151778,47.045845640502385
205,scalp_sens,TP8,0,0.0,-191.8380475156555,627.6551024153232,47.0489267390261
205,scalp_sens,C4,0,0.0,-201.98443149003833,616.6812784430294,45.84313459704719
205,scalp_sens,T8,0,0.0,-195.37678350672104,636.1551343938627,46.92032774264517
205,scalp_sens,FC6,0,0.0,-218.00759944958372,622.5230704282803,46.30213107176604
205,scalp_sens,Fz,0,0.0,-203.424703486402,604.9285104727023,46.123634193794366
205,scalp_sens,F4,0,0.0,-204.6276634833648,606.5822064685271,45.94949539946924
205,scalp_sens,F8,0,0.0,-270.1506873179351,713.6513261982036,53.05422878067158
205,scalp_sens,Fp2,0,0.0,-201.64483149089574,602.4970224788412,46.99463444694184
205,scalp_sens,Fpz,0,0.0,-195.50079950640793,592.4585585041859,47.23344120437846
206,ear_full_sens,Fpz,0,0.0,-136.22807965605716,178.6646235489152,29.084568809717208
206,ear_full_sens,M1,0,0.0,-44.533323887564165,85.27223978470829,8.015999333390132
206,ear_full_sens,M2,0,0.0,-71.98993581824288,67.15662383044582,7.336913318541196
206,ear_full_sens,EL1,0,0.0,-130.30073567102227,143.49227163771684,13.471908722744173
206,ear_full_sens,EL3,0,0.0,-69.71797582397903,74.09775181292116,10.462452270946416
206,ear_full_sens,EL4,0,0.0,-51.33479987039209,57.92566785375175,6.954301045775466
206,ear_full_sens,EL5,0,0.0,-139.69284764730946,144.10044763618134,12.16705898808863
206,ear_full_sens,ER1,0,0.0,-202.98833548750372,263.2043513354729,21.755272656192496
206,ear_full_sens,ER2,0,0.0,-46.74173988198845,46.15457188347091,7.46526171284569
206,ear_full_sens,ER3,0,0.0,-106.62587973079553,84.70584778613829,11.892236396753038
206,ear_full_sens,ER4,0,0.0,-87.14165577998847,61.62595984440941,7.77662319879931
206,ear_strict_sens,M1,0,0.0,-44.533323887564165,85.27223978470829,8.015999333390132
206,ear_strict_sens,M2,0,0.0,-71.98993581824288,67.15662383044582,7.336913318541196
206,ear_strict_sens,EL1,0,0.0,-130.30073567102227,143.49227163771684,13.471908722744173
206,ear_strict_sens,EL3,0,0.0,-69.71797582397903,74.09775181292116,10.462452270946416
206,ear_strict_sens,EL4,0,0.0,-51.33479987039209,57.92566785375175,6.954301045775466
206,ear_strict_sens,EL5,0,0.0,-139.69284764730946,144.10044763618134,12.16705898808863
206,ear_strict_sens,ER1,0,0.0,-202.98833548750372,263.2043513354729,21.755272656192496
206,ear_strict_sens,ER2,0,0.0,-46.74173988198845,46.15457188347091,7.46526171284569
206,ear_strict_sens,ER3,0,0.0,-106.62587973079553,84.70584778613829,11.892236396753038
206,ear_strict_sens,ER4,0,0.0,-87.14165577998847,61.62595984440941,7.77662319879931
206,scalp_sens,O1,0,0.0,-69.88179982356542,76.98630380562827,15.507311529546637
206,scalp_sens,Pz,0,0.0,-52.772951866761105,47.7731078793845,10.544741602239181
206,scalp_sens,P3,0,0.0,-51.16311587082555,58.89501185130439,11.756188274976
206,scalp_sens,P7,0,0.0,-69.21523982524832,70.59826382175652,14.547962343689516
206,scalp_sens,CP1,0,0.0,-48.33030387797771,42.72321989213424,9.609671440192972
206,scalp_sens,CP5,0,0.0,-50.074311873574516,48.82645187672506,9.962004060652482
206,scalp_sens,TP7,0,0.0,-54.672615861964914,56.47032785742613,11.116512314727231
206,scalp_sens,Cz,0,0.0,-53.895075863928014,52.628335867126225,10.5532622726901
206,scalp_sens,C3,0,0.0,-44.6709878872166,40.23584389841426,9.137023869630633
206,scalp_sens,T7,0,0.0,-52.46199586754619,61.88597584375293,10.025853984557262
206,scalp_sens,FC1,0,0.0,-56.23505185802014,49.01087587625943,10.623715291704123
206,scalp_sens,F7,0,0.0,-55.25813586048662,45.06984788620957,10.880376109908836
206,scalp_sens,Fp1,0,0.0,-141.79300764200707,186.44951952926021,31.61178650469192
206,scalp_sens,O2,0,0.0,-81.65927979383014,75.28048780993504,15.963275002502048
206,scalp_sens,P4,0,0.0,-68.21959182776209,54.31319986287235,11.129896553144428
206,scalp_sens,P8,0,0.0,-62.13430384312596,52.48460386748911,11.364001378305021
206,scalp_sens,CP2,0,0.0,-46.34910388297976,40.72768389717248,9.209586938721701
206,scalp_sens,CP6,0,0.0,-61.211215845456536,52.953527866305194,11.281870838036415
206,scalp_sens,TP8,0,0.0,-60.96837184606966,52.81224786666189,11.269918222596552
206,scalp_sens,C4,0,0.0,-46.514199882562934,41.14341989612285,8.990758802756627
206,scalp_sens,T8,0,0.0,-44.05784388876464,41.6644398948074,9.746283795894849
206,scalp_sens,Fc2,0,0.0,-55.803543859109595,49.146171875917844,10.819797814448732
206,scalp_sens,FC6,0,0.0,-66.6090558318283,49.45736387513216,9.587214068261117
206,scalp_sens,Fz,0,0.0,-56.3701318576791,56.71127985681778,12.175432053228906
206,scalp_sens,F4,0,0.0,-56.682847856889566,60.59868784700302,12.212132050281578
206,scalp_sens,F8,0,0.0,-76.22667980754613,48.640387877194826,11.030630361268706
206,scalp_sens,Fp2,0,0.0,-138.65991964991736,170.34145556992917,29.28895046471578
206,scalp_sens,Fpz,0,0.0,-123.5757596880012,146.5300476300472,26.203769073824954
208,ear_full_sens,Fpz,0,0.0,-181.4699995418323,298.6479032459865,55.5371518342769
208,ear_full_sens,M1,0,0.0,-56.289071857883755,98.94241575019441,9.677487473533262
208,ear_full_sens,M2,0,0.0,-49.68645187455377,106.28144773166514,9.076310557371709
208,ear_full_sens,EL1,0,0.0,-115.4374717085484,128.61831967526996,12.531031250574546
208,ear_full_sens,EL3,0,0.0,-121.10391169424202,107.74443172797146,13.147941228636887
208,ear_full_sens,EL4,0,0.0,-101.2265997444274,90.66631177108957,11.700144968513287
208,ear_full_sens,EL5,0,0.0,-137.91974365178612,115.57443170820261,16.740745333629167
208,ear_full_sens,ER1,0,0.0,-1191.7194209911977,436.5791988977435,42.88602040398563
208,ear_full_sens,ER2,0,0.0,-191.60857551623485,102.59357574097612,12.587554941401974
208,ear_full_sens,ER3,0,0.0,-118.32900770124797,110.16458372186116,11.202124256940857
208,ear_full_sens,ER4,0,0.0,-56.77976785664487,97.47079975390989,10.809225598569421
208,ear_strict_sens,M1,0,0.0,-56.289071857883755,98.94241575019441,9.677487473533262
208,ear_strict_sens,M2,0,0.0,-49.68645187455377,106.28144773166514,9.076310557371709
208,ear_strict_sens,EL1,0,0.0,-115.4374717085484,128.61831967526996,12.531031250574546
208,ear_strict_sens,EL3,0,0.0,-121.10391169424202,107.74443172797146,13.147941228636887
208,ear_strict_sens,EL4,0,0.0,-101.2265997444274,90.66631177108957,11.700144968513287
208,ear_strict_sens,EL5,0,0.0,-137.91974365178612,115.57443170820261,16.740745333629167
208,ear_strict_sens,ER1,0,0.0,-1191.7194209911977,436.5791988977435,42.88602040398563
208,ear_strict_sens,ER2,0,0.0,-191.60857551623485,102.59357574097612,12.587554941401974
208,ear_strict_sens,ER3,0,0.0,-118.32900770124797,110.16458372186116,11.202124256940857
208,ear_strict_sens,ER4,0,0.0,-56.77976785664487,97.47079975390989,10.809225598569421
208,scalp_sens,O1,0,0.0,-151.98675161627034,163.07324758827963,20.710582422173985
208,scalp_sens,Pz,0,0.0,-149.7181116219981,158.27871960038465,18.817902430200512
208,scalp_sens,P3,0,0.0,-150.28780762055976,156.62951960454848,19.091639255356974
208,scalp_sens,P7,0,0.0,-139.84081564693588,148.771919624387,19.191523619001348
208,scalp_sens,CP1,0,0.0,-141.7572316420974,148.82916762424247,18.0389947198733
208,scalp_sens,CP5,0,0.0,-139.11878364875884,148.66740762465088,19.197127108211948
208,scalp_sens,TP7,0,0.0,-139.68311964733402,148.77443162438067,19.20072832010763
208,scalp_sens,Cz,0,0.0,-141.36407964309,147.60409562733548,18.005850210379368
208,scalp_sens,C3,0,0.0,-129.22841567372961,137.74372765223052,17.312940701644827
208,scalp_sens,T7,0,0.0,-143.10209563870194,143.23900763835627,19.37648529825088
208,scalp_sens,FC1,0,0.0,-128.42341567576204,136.6150716550801,17.302836460904306
208,scalp_sens,F7,0,0.0,-113.51462371340313,130.18357567131807,18.014157678121062
208,scalp_sens,Fp1,0,0.0,-185.80900753087735,248.57489537240872,50.273837194512446
208,scalp_sens,O2,0,0.0,-151.59019161727156,168.1495835754631,21.013369791375833
208,scalp_sens,P4,0,0.0,-139.9495676466613,165.7179835816023,18.87459830075376
208,scalp_sens,P8,0,0.0,-129.9426716719263,167.13876757801518,19.389517432802297
208,scalp_sens,CP2,0,0.0,-141.69284764225995,155.10907160838724,18.017463122282507
208,scalp_sens,CP6,0,0.0,-129.90653567201753,167.20492757784814,19.346740238485804
208,scalp_sens,TP8,0,0.0,-129.46831167312394,167.74097557649475,19.41159709579094
208,scalp_sens,C4,0,0.0,-131.11150366897527,152.9367996138717,17.400073214666293
208,scalp_sens,T8,0,0.0,-129.4329916732131,154.23337561059816,19.144040612412912
208,scalp_sens,Fc2,0,0.0,-122.1337996916418,137.99279965160167,17.200100511198652
208,scalp_sens,FC6,0,0.0,-113.37710371375033,134.05974366153168,17.650193065906368
208,scalp_sens,Fz,0,0.0,-124.45921568577069,127.67057567766278,18.096286381584125
208,scalp_sens,F4,0,0.0,-113.7581437127883,134.74607965979885,17.69909859724519
208,scalp_sens,F8,0,0.0,-111.94778371735902,141.63481564240647,19.506202629520722
208,scalp_sens,Fp2,0,0.0,-179.31337554727725,254.80657535667524,49.383064595666525
208,scalp_sens,Fpz,0,0.0,-184.77854353347902,247.06510337622058,50.00686335308354
209,ear_full_sens,Fpz,0,0.0,-154.92457560885305,243.12422338617034,20.760821823740095
209,ear_full_sens,M1,0,0.0,-60.25295584787591,49.68521987455688,7.254017191068719
209,ear_full_sens,M2,0,0.0,-53.96867586374219,42.71745589214879,6.313833888031308
209,ear_full_sens,EL1,0,0.0,-79.89994379827203,53.789219864195275,8.2308428759302
209,ear_full_sens,EL3,0,0.0,-57.614783854536654,40.97567989654635,7.442156629080646
209,ear_full_sens,EL4,0,0.0,-77.36823980466397,58.012659853532114,6.485963996327198
209,ear_full_sens,EL5,0,0.0,-278.5664632966873,354.6308791046431,22.452215941831337
209,ear_full_sens,ER1,0,0.0,-52.53857186735286,67.07523183065132,9.096482106208823
209,ear_full_sens,ER2,0,0.0,-47.670203879644305,55.25692786048967,7.151155714074631
209,ear_full_sens,ER3,0,0.0,-47.945259878949855,40.41345189796584,5.3267060006869045
209,ear_full_sens,ER4,0,0.0,-73.89219981344013,132.87303166452784,9.553449557065903
209,ear_strict_sens,M1,0,0.0,-60.25295584787591,49.68521987455688,7.254017191068719
209,ear_strict_sens,M2,0,0.0,-53.96867586374219,42.71745589214879,6.313833888031308
209,ear_strict_sens,EL1,0,0.0,-79.89994379827203,53.789219864195275,8.2308428759302
209,ear_strict_sens,EL3,0,0.0,-57.614783854536654,40.97567989654635,7.442156629080646
209,ear_strict_sens,EL4,0,0.0,-77.36823980466397,58.012659853532114,6.485963996327198
209,ear_strict_sens,EL5,0,0.0,-278.5664632966873,354.6308791046431,22.452215941831337
209,ear_strict_sens,ER1,0,0.0,-52.53857186735286,67.07523183065132,9.096482106208823
209,ear_strict_sens,ER2,0,0.0,-47.670203879644305,55.25692786048967,7.151155714074631
209,ear_strict_sens,ER3,0,0.0,-47.945259878949855,40.41345189796584,5.3267060006869045
209,ear_strict_sens,ER4,0,0.0,-73.89219981344013,132.87303166452784,9.553449557065903
211,ear_full_sens,Fpz,0,0.0,-251.54721536490433,289.7099512685527,29.32112006535538
211,ear_full_sens,M1,0,0.0,-47.55373587993836,47.60011587982126,7.448716777812427
211,ear_full_sens,M2,0,0.0,-71.03053582066514,54.3165878628638,8.473943048678386
211,ear_full_sens,EL1,0,0.0,-74.17009581273851,62.89453184120657,11.327287537802356
211,ear_full_sens,EL3,0,0.0,-54.38408786269338,52.857319866548096,7.692961573714744
211,ear_full_sens,EL4,0,0.0,-64.99025583591538,79.1356078002018,10.49263419744659
211,ear_full_sens,EL5,0,0.0,-94.26756776199727,61.962543843559615,8.77250640640767
211,ear_full_sens,ER1,0,0.0,-165.9384475810457,245.75287937953362,17.08923710582847
211,ear_full_sens,ER2,0,0.0,-63.05752384079506,55.56511985971156,9.906605408486302
211,ear_full_sens,ER3,0,0.0,-67.10395183057881,140.18094364607714,9.854080624883055
211,ear_full_sens,ER4,0,0.0,-81.3322557946558,70.04172782316164,9.328168776221071
211,ear_strict_sens,M1,0,0.0,-47.55373587993836,47.60011587982126,7.448716777812427
211,ear_strict_sens,M2,0,0.0,-71.03053582066514,54.3165878628638,8.473943048678386
211,ear_strict_sens,EL1,0,0.0,-74.17009581273851,62.89453184120657,11.327287537802356
211,ear_strict_sens,EL3,0,0.0,-54.38408786269338,52.857319866548096,7.692961573714744
211,ear_strict_sens,EL4,0,0.0,-64.99025583591538,79.1356078002018,10.49263419744659
211,ear_strict_sens,EL5,0,0.0,-94.26756776199727,61.962543843559615,8.77250640640767
211,ear_strict_sens,ER1,0,0.0,-165.9384475810457,245.75287937953362,17.08923710582847
211,ear_strict_sens,ER2,0,0.0,-63.05752384079506,55.56511985971156,9.906605408486302
211,ear_strict_sens,ER3,0,0.0,-67.10395183057881,140.18094364607714,9.854080624883055
211,ear_strict_sens,ER4,0,0.0,-81.3322557946558,70.04172782316164,9.328168776221071
211,scalp_sens,O1,0,0.0,-175.35910355726082,306.11174322714214,22.326655490758004
211,scalp_sens,Pz,0,0.0,-176.21742355509377,306.9354872250624,22.22901147116662
211,scalp_sens,P3,0,0.0,-177.2032155526049,301.6839992383211,22.142177959073514
211,scalp_sens,P7,0,0.0,-177.9075515508266,297.586623248666,22.105642055970613
211,scalp_sens,CP1,0,0.0,-176.68822355390512,299.2229752445346,21.985609712271945
211,scalp_sens,CP5,0,0.0,-178.16831955016823,297.75027124825283,22.129130680566096
211,scalp_sens,TP7,0,0.0,-177.55228755172357,296.8699512504754,22.05880224185164
211,scalp_sens,Cz,0,0.0,-176.16044755523762,299.1655032446797,22.10153290943917
211,scalp_sens,C3,0,0.0,-179.57124754662618,296.5874872511886,22.524801235797618
211,scalp_sens,T7,0,0.0,-180.9886075430477,301.1349752397073,22.597033324592466
211,scalp_sens,FC1,0,0.0,-181.40054354200765,301.37868723909196,22.567551429322297
211,scalp_sens,F7,0,0.0,-185.085119532705,303.2335352344089,22.827864131649296
211,scalp_sens,Fp1,0,0.0,-185.01313553288674,307.53119922355836,23.452415700117538
211,scalp_sens,O2,0,0.0,-176.71031955384933,310.7655032153925,22.491214306404316
211,scalp_sens,P4,0,0.0,-177.55239955172328,310.78703921533815,22.36934920180242
211,scalp_sens,P8,0,0.0,-179.4191835470101,314.26281520656266,22.54329487990667
211,scalp_sens,CP2,0,0.0,-176.73475155378765,307.17529522445693,22.32776677972213
211,scalp_sens,CP6,0,0.0,-187.90238352559209,321.2668471888792,23.26792329707081
211,scalp_sens,C4,0,0.0,-182.43815953938793,308.9958392198605,22.495689553491264
211,scalp_sens,T8,0,0.0,-184.0949595352049,304.92489523013865,22.381218438721596
211,scalp_sens,Fc2,0,0.0,-182.34649553961935,305.7655032280163,22.559628897594624
211,scalp_sens,FC6,0,0.0,-186.4211675293318,308.7790712204078,22.70497884855254
211,scalp_sens,Fz,0,0.0,-184.19646353494863,306.23135922684014,22.872710051322468
211,scalp_sens,F4,0,0.0,-182.75548753858675,302.82211123544766,22.206774461407186
211,scalp_sens,F8,0,0.0,-184.70473553366537,305.9553912275369,22.476340179779122
211,scalp_sens,Fp2,0,0.0,-183.16585553755067,306.41999922636387,23.387781223156896
211,scalp_sens,Fpz,0,0.0,-183.85140753581982,305.6777272282379,23.248592031155713
212,ear_full_sens,Fpz,0,0.0,-249.07462337114703,516.7285426953858,26.789947507463182
212,ear_full_sens,M1,0,0.0,-80.0539917978831,72.75234381631799,6.7877836858006
212,ear_full_sens,M2,0,0.0,-67.71234382904277,47.53454387998681,6.194662223851833
212,ear_full_sens,EL1,0,0.0,-154.74759960929987,121.26075169384603,10.771054942720381
212,ear_full_sens,EL3,0,0.0,-126.1775916814322,196.03199950506678,11.306782381162373
212,ear_full_sens,EL4,0,0.0,-529.3966706634019,313.31718320895015,21.174930064456394
212,ear_full_sens,EL5,0,0.0,-277.6944632988889,245.89601537917224,11.834640294443927
212,ear_full_sens,ER1,0,0.0,-171.77897556629978,277.7993272986241,16.990297392817173
212,ear_full_sens,ER2,0,0.0,-94.46243976150527,66.41309983232304,8.619763140496953
212,ear_full_sens,ER3,0,0.0,-122.61434369042854,263.76279933406295,13.520336094454601
212,ear_full_sens,ER4,0,0.0,-184.87158353324412,237.09935940138166,15.024039431659842
212,ear_strict_sens,M1,0,0.0,-80.0539917978831,72.75234381631799,6.7877836858006
212,ear_strict_sens,M2,0,0.0,-67.71234382904277,47.53454387998681,6.194662223851833
212,ear_strict_sens,EL1,0,0.0,-154.74759960929987,121.26075169384603,10.771054942720381
212,ear_strict_sens,EL3,0,0.0,-126.1775916814322,196.03199950506678,11.306782381162373
212,ear_strict_sens,EL4,0,0.0,-529.3966706634019,313.31718320895015,21.174930064456394
212,ear_strict_sens,EL5,0,0.0,-277.6944632988889,245.89601537917224,11.834640294443927
212,ear_strict_sens,ER1,0,0.0,-171.77897556629978,277.7993272986241,16.990297392817173
212,ear_strict_sens,ER2,0,0.0,-94.46243976150527,66.41309983232304,8.619763140496953
212,ear_strict_sens,ER3,0,0.0,-122.61434369042854,263.76279933406295,13.520336094454601
212,ear_strict_sens,ER4,0,0.0,-184.87158353324412,237.09935940138166,15.024039431659842
213,scalp_sens,O1,0,0.0,-92.8444877655902,79.64880779890609,15.088200037576375
213,scalp_sens,Pz,0,0.0,-106.52879973104064,68.64914382667757,12.5756905231369
213,scalp_sens,P3,0,0.0,-112.93135971487573,62.7286838416253,13.040402647266633
213,scalp_sens,P7,0,0.0,-108.87668772511279,67.18271983037994,12.830125883222133
213,scalp_sens,CP5,0,0.0,-124.33347168608816,56.602935857091325,12.008107608759362
213,scalp_sens,TP7,0,0.0,-116.10991970685063,62.33947584260795,12.415320053077316
213,scalp_sens,Cz,0,0.0,-113.89707971243752,55.08747586091749,12.076357780467818
213,scalp_sens,C3,0,0.0,-122.66823169029249,53.502771864918486,11.78642025726461
213,scalp_sens,T7,0,0.0,-131.02346366919755,64.65455583676294,13.054346480811905
213,scalp_sens,FC5,0,0.0,-129.76303167237984,55.471895859946926,12.208637748899791
213,scalp_sens,F3,0,0.0,-131.81383166720207,61.81977584392007,13.029989033658559
213,scalp_sens,F7,0,0.0,-132.7956956647231,77.83515980348511,14.015380127434259
213,scalp_sens,Fp1,0,0.0,-156.0197916060879,164.17020758551007,19.39805433393087
213,scalp_sens,O2,0,0.0,-87.30817577956805,79.79288779854232,14.665291878105156
213,scalp_sens,P4,0,0.0,-97.01360775506419,74.00755981314887,13.393026328434086
213,scalp_sens,P8,0,0.0,-92.17418376728256,79.69823179878131,14.154808391501675
213,scalp_sens,CP6,0,0.0,-111.31963171894495,62.39023984247979,11.962488120955053
213,scalp_sens,TP8,0,0.0,-101.48881574376537,67.0568998306976,12.88958392806292
213,scalp_sens,C4,0,0.0,-114.87023170998054,58.07211985338199,11.838701917427263
213,scalp_sens,T8,0,0.0,-110.03161572219688,61.90771984369803,12.84603499731237
213,scalp_sens,FC6,0,0.0,-113.96205571227347,64.9636678359825,12.433387225228346
213,scalp_sens,Fz,0,0.0,-125.2244716838386,57.2049438555714,13.038473946574003
213,scalp_sens,F8,0,0.0,-116.02264770707097,84.98583978543138,13.993558612552938
213,scalp_sens,Fp2,0,0.0,-157.459887602452,162.42615958991337,19.347260255674566
213,scalp_sens,Fpz,0,0.0,-154.22156761062797,145.91243163160652,18.074313046792263
214,ear_full_sens,Fpz,0,0.0,-150.3436796204187,198.87867149787962,22.756180062911124
214,ear_full_sens,M1,0,0.0,-38.4558159029084,30.466233923080154,5.916776628458659
214,ear_full_sens,M2,0,0.0,-64.73116383656952,38.28287190334504,8.490314743628717
214,ear_full_sens,EL1,0,0.0,-64.11583583812308,80.41898379696158,14.764191904049126
214,ear_full_sens,EL3,0,0.0,-32.41018391817215,43.223811890870365,6.38227805644532
214,ear_full_sens,EL4,0,0.0,-37.9711359041321,30.92468392192268,6.722507158834551
214,ear_full_sens,EL5,0,0.0,-86.05324778273643,170.13473557045108,10.376300910034551
214,ear_full_sens,ER1,0,0.0,-71.26445582007455,59.88045184881639,9.074517292324096
214,ear_full_sens,ER2,0,0.0,-37.92458790424962,36.9838719066247,6.958263059470353
214,ear_full_sens,ER3,0,0.0,-30.221619923697745,28.004391929295707,6.018404233808461
214,ear_full_sens,ER4,0,0.0,-46.70629988207793,34.1548079137674,6.5008736490229095
214,ear_strict_sens,M1,0,0.0,-38.4558159029084,30.466233923080154,5.916776628458659
214,ear_strict_sens,M2,0,0.0,-64.73116383656952,38.28287190334504,8.490314743628717
214,ear_strict_sens,EL1,0,0.0,-64.11583583812308,80.41898379696158,14.764191904049126
214,ear_strict_sens,EL3,0,0.0,-32.41018391817215,43.223811890870365,6.38227805644532
214,ear_strict_sens,EL4,0,0.0,-37.9711359041321,30.92468392192268,6.722507158834551
214,ear_strict_sens,EL5,0,0.0,-86.05324778273643,170.13473557045108,10.376300910034551
214,ear_strict_sens,ER1,0,0.0,-71.26445582007455,59.88045184881639,9.074517292324096
214,ear_strict_sens,ER2,0,0.0,-37.92458790424962,36.9838719066247,6.958263059470353
214,ear_strict_sens,ER3,0,0.0,-30.221619923697745,28.004391929295707,6.018404233808461
214,ear_strict_sens,ER4,0,0.0,-46.70629988207793,34.1548079137674,6.5008736490229095
214,scalp_sens,O1,0,0.0,-53.45539186503811,55.00426786112757,11.809767135932221
214,scalp_sens,Pz,0,0.0,-39.28283190082038,36.8161719070481,7.018872895922762
214,scalp_sens,P3,0,0.0,-43.49257989019179,42.93858789159049,7.226096327934753
214,scalp_sens,P7,0,0.0,-50.92799987141916,60.29259984777582,9.836832769431767
214,scalp_sens,CP1,0,0.0,-38.58055990259345,31.804455919701468,5.842491340279746
214,scalp_sens,CP5,0,0.0,-39.96894389908812,33.497985915425716,6.4718879346613845
214,scalp_sens,TP7,0,0.0,-50.93279587140705,40.64781589737413,8.977390169370334
214,scalp_sens,C3,0,0.0,-41.36953189555197,29.21301792624422,5.670670548961993
214,scalp_sens,T7,0,0.0,-43.4999838901731,53.093671865951364,9.768283179828673
214,scalp_sens,FC1,0,0.0,-302.5444472361487,268.77721532140276,36.98698977420329
214,scalp_sens,F7,0,0.0,-110.19207972179174,48.424771877739204,12.305812487698146
214,scalp_sens,Fp1,0,0.0,-163.59979158695023,237.3232474008164,26.318539963692654
214,scalp_sens,O2,0,0.0,-61.44608384486355,61.59597584448511,12.328011621399902
214,scalp_sens,P4,0,0.0,-41.404959895462525,42.78949189196692,7.442840187970583
214,scalp_sens,P8,0,0.0,-42.186103893490326,57.112319855805254,9.918539064743863
214,scalp_sens,CP2,0,0.0,-32.24510591858893,29.26901192610285,5.912742166684796
214,scalp_sens,CP6,0,0.0,-33.81193591463307,42.829583891865695,6.622788550239415
214,scalp_sens,TP8,0,0.0,-47.54086787997085,43.927111889094704,8.097583449313712
214,scalp_sens,C4,0,0.0,-28.403583928287844,29.93826792441314,5.439655700877295
214,scalp_sens,T8,0,0.0,-50.29907187300705,39.22357590096999,9.03033426057962
214,scalp_sens,Fc2,0,0.0,-30.61659392270053,28.525689927979556,6.7964486155482975
214,scalp_sens,FC6,0,0.0,-60.02233184845818,40.519219897698804,8.375120506497792
214,scalp_sens,Fz,0,0.0,-53.19399186569808,52.80310786668497,8.098641406337126
214,scalp_sens,F4,0,0.0,-38.16748390363637,50.15617987336782,8.064453073821465
214,scalp_sens,F8,0,0.0,-43.975963888971364,60.54665584713439,9.909667441291742
214,scalp_sens,Fp2,0,0.0,-128.05610367668942,176.37787155468868,19.534852617168543
214,scalp_sens,Fpz,0,0.0,-125.01451968436868,172.62787156415652,19.92700902872508
215,scalp_sens,O1,0,0.0,-80.09283179778504,74.40496781214551,13.244418189014642
215,scalp_sens,Pz,0,0.0,-66.17110783293401,55.507119859857994,8.97510941128654
215,scalp_sens,P3,0,0.0,-66.49265983212217,58.665715851883306,9.609848646689523
215,scalp_sens,P7,0,0.0,-82.02043179291832,70.36170382235377,11.525359344366999
215,scalp_sens,CP1,0,0.0,-65.84273983376306,41.601683894965845,7.695122688587919
215,scalp_sens,CP5,0,0.0,-66.09837583311764,62.49105184222526,9.302800306733454
215,scalp_sens,TP7,0,0.0,-66.72282783154105,63.51952383962862,9.341430141096577
215,scalp_sens,C3,0,0.0,-50.42969987267725,34.96013191173415,6.853997467638515
215,scalp_sens,T7,0,0.0,-77.92165580326673,66.65517983171185,10.846262663090469
215,scalp_sens,FC1,0,0.0,-38.92785190171662,26.509483933069987,6.1836054367280395
215,scalp_sens,FC5,0,0.0,-54.723855861835546,37.17731190613631,7.778530321308988
215,scalp_sens,F3,0,0.0,-56.77673585665252,54.29544786291717,9.097003101932547
215,scalp_sens,F7,0,0.0,-85.48236778417777,82.00680779295271,12.878622181840798
215,scalp_sens,Fp1,0,0.0,-221.45460744088086,341.6817911373364,35.99548724174521
215,scalp_sens,O2,0,0.0,-78.49984780180694,118.91395969977111,14.67662211219702
215,scalp_sens,P4,0,0.0,-64.92332383608436,57.71377185428673,10.60558088606166
215,scalp_sens,P8,0,0.0,-78.72081580124905,70.93939182089525,14.538817912928993
215,scalp_sens,CP2,0,0.0,-50.431431872672874,51.29393987049525,7.639435968529878
215,scalp_sens,CP6,0,0.0,-59.73753584917722,64.14127583805885,9.178822891125426
215,scalp_sens,TP8,0,0.0,-76.8235438060392,61.71068784419549,11.185477674147497
215,scalp_sens,C4,0,0.0,-74.68807981143073,100.98463174503831,7.199449565567518
215,scalp_sens,T8,0,0.0,-58.03347185347957,94.4080077616427,10.542186443960087
215,scalp_sens,Fc2,0,0.0,-53.20540786566926,29.224295926215746,6.49062747997189
215,scalp_sens,FC6,0,0.0,-43.88404388920344,142.78878363949298,7.425072430092862
215,scalp_sens,Fz,0,0.0,-57.22059185553189,71.3671358198153,9.482430027735939
215,scalp_sens,F4,0,0.0,-84.80234378589466,89.97947177282367,14.0344957050601
215,scalp_sens,F8,0,0.0,-82.61502379141712,131.66977566756577,15.011430754586044
215,scalp_sens,Fp2,0,0.0,-282.741631286146,423.2301429314466,44.73126960507228
215,scalp_sens,Fpz,0,0.0,-227.83678342476742,345.5032311276882,36.7130588340698
